Date,GLD,USO,SLV,SPX,EUR_USD
01-04-2010,1117.699951,81.51000214,17.44000053,1132.98999,1.442397833
01-05-2010,1118.099976,81.76999664,17.78100014,1136.52002,1.436595917
01-06-2010,1135.900024,83.18000031,18.16300011,1137.140015,1.440403342
01-07-2010,1133.099976,82.66000366,18.33300018,1141.689941,1.431803226
01-08-2010,1138.199951,82.75,18.45800018,1144.97998,1.441109061
01-11-2010,1150.699951,82.51999664,18.68300056,1146.97998,1.451126099
01-12-2010,1128.900024,80.79000092,18.24300003,1136.219971,1.447659969
02-01-2010,1104.300049,74.43000031,16.65299988,1089.189941,1.39269948
02-02-2010,1117.400024,77.23000336,16.73600006,1103.319946,1.397624016
02-03-2010,1111.400024,76.98000336,16.30999947,1097.280029,1.390105247
02-04-2010,1062.400024,73.13999939,15.34300041,1063.109985,1.374494791
02-05-2010,1052.199951,71.19000244,14.82299995,1066.189941,1.368007779
02-08-2010,1065.699951,71.88999939,15.07800007,1056.73999,1.36546731
02-09-2010,1076.699951,73.75,15.43099976,1070.52002,1.378207803
02-10-2010,1075.800049,74.51999664,15.30200005,1068.130005,1.375326633
02-11-2010,1094.199951,75.27999878,15.59200001,1078.469971,1.368176222
02-12-2010,1089.5,74.12999725,15.44900036,1075.51001,1.3634938
03-01-2010,1117.800049,78.69999695,16.4489994,1115.709961,1.356208086
03-02-2010,1136.900024,79.68000031,17.04400063,1118.310059,1.362063885
03-03-2010,1142.699951,80.87000275,17.30900002,1118.790039,1.370163321
03-04-2010,1132.599976,80.20999908,17.15600014,1122.969971,1.358400345
03-05-2010,1134.800049,81.5,17.36199951,1138.699951,1.362899184
03-08-2010,1123.599976,81.87000275,17.25200081,1138.5,1.361692786
03-09-2010,1122,81.48999786,17.31800079,1140.449951,1.360692263
03-10-2010,1107.800049,82.08999634,16.99399948,1145.609985,1.364331007
03-11-2010,1108,82.11000061,17.13599968,1150.23999,1.368531942
03-12-2010,1101.5,81.23999786,17.02400017,1149.98999,1.376993179
04-01-2010,1125.099976,84.87000275,17.87599945,1178.099976,1.358400345
04-05-2010,1132.900024,86.62000275,18.10400009,1187.439941,1.348908782
04-06-2010,1135.099976,86.83999634,17.91699982,1189.439941,1.340195179
04-07-2010,1152.300049,85.87999725,18.18499947,1182.449951,1.334846139
04-08-2010,1152.199951,85.38999939,18.11599922,1186.439941,1.33611238
04-09-2010,1161.099976,84.91999817,18.34000015,1194.369995,1.35009253
04-12-2010,1161.599976,84.33999634,18.40299988,1196.47998,1.359600782
05-03-2010,1182.699951,86.19000244,18.81299973,1202.26001,1.319992661
05-04-2010,1168.599976,82.73999786,17.81800079,1173.599976,1.296394706
05-05-2010,1174.599976,79.97000122,17.51099968,1165.869995,1.28149271
05-06-2010,1196.900024,77.11000061,17.49300003,1128.150024,1.263296127
05-07-2010,1210,75.11000061,18.42900085,1110.880005,1.275607824
05-10-2010,1200.400024,76.80000305,18.53000069,1159.72998,1.27792263
05-11-2010,1219.900024,76.37000275,19.27199936,1155.790039,1.262993097
05-12-2010,1242.699951,75.65000153,19.63999939,1171.670044,1.263902903
06-01-2010,1224.800049,72.58000183,18.54000092,1070.709961,1.223301411
06-02-2010,1220.599976,72.86000061,18.30400085,1098.380005,1.223900318
06-03-2010,1208.300049,74.61000061,17.92000008,1102.829956,1.216944695
06-04-2010,1216.199951,71.51000214,17.29000092,1064.880005,1.197103024
06-07-2010,1239.300049,71.44000244,18.15299988,1050.469971,1.192292929
06-08-2010,1244,71.98999786,18.46800041,1062,1.197203279
06-09-2010,1228.5,74.37999725,18.18000031,1055.689941,1.199198961
06-10-2010,1220.800049,75.48000336,18.34199905,1086.839966,1.210903049
06-11-2010,1228.900024,73.77999878,18.22200012,1091.599976,1.211401701
07-01-2010,1206.300049,72.94999695,17.76000023,1027.369995,1.250750422
07-02-2010,1207.400024,72.13999939,17.69799995,1022.580017,1.257102609
07-06-2010,1194.800049,71.98000336,17.83300018,1028.060059,1.262403131
07-07-2010,1198.599976,74.06999969,17.97900009,1060.27002,1.263312101
07-08-2010,1195.800049,75.44000244,17.85199928,1070.25,1.26940608
07-09-2010,1209.599976,76.08999634,18.0529995,1077.959961,1.264398336
07-12-2010,1198.5,74.94999695,17.89699936,1078.75,1.259001851
08-02-2010,1183.400024,81.33999634,18.40299988,1125.859985,1.317592502
08-03-2010,1185.199951,82.55000305,18.40699959,1120.459961,1.322506428
08-04-2010,1193.699951,82.47000122,18.26300049,1127.23999,1.322506428
08-05-2010,1197.199951,82.01000214,18.30800056,1125.810059,1.315806866
08-06-2010,1203.400024,80.69999695,18.45899963,1121.640015,1.318130851
08-09-2010,1200.699951,81.48000336,18.22900009,1127.790039,1.32856822
08-10-2010,1196.199951,80.25,18.14599991,1121.060059,1.322996378
08-11-2010,1197.5,78.01999664,17.88999939,1089.469971,1.31849587
08-12-2010,1214.800049,75.73999786,18.0529995,1083.609985,1.284406066
09-01-2010,1246.300049,73.91000366,19.35899925,1080.290039,1.268729568
09-02-2010,1251.5,75.01999664,19.63800049,1090.099976,1.280295014
09-03-2010,1249.199951,74.59999847,19.91500092,1104.51001,1.282593966
09-07-2010,1257.300049,74.08999634,19.88299942,1091.839966,1.28683567
09-08-2010,1255.599976,74.66999817,19.97800064,1098.869995,1.267796636
09-09-2010,1248.900024,74.25,19.81399918,1104.180054,1.273204088
09-10-2010,1244.5,76.44999695,19.80200005,1109.550049,1.269309402
10-01-2010,1316.099976,81.58000183,22.03700066,1146.23999,1.3622123
10-04-2010,1315.400024,81.47000122,22.01300049,1137.030029,1.377695084
10-05-2010,1338.900024,82.81999969,22.7140007,1160.75,1.36740911
10-06-2010,1346.400024,83.23000336,23.02000046,1159.969971,1.383393764
10-07-2010,1333.900024,81.66999817,22.56500053,1158.060059,1.392001629
10-08-2010,1344.199951,82.66000366,23.08699989,1165.150024,1.392796397
10-11-2010,1353.300049,82.20999908,23.33099937,1165.319946,1.397760749
10-12-2010,1345.699951,81.66999817,23.12899971,1169.77002,1.38802135
11-01-2010,1350.199951,82.94999695,24.54800034,1184.380005,1.397506833
11-02-2010,1356.400024,83.90000153,24.83200073,1193.569946,1.391091466
11-03-2010,1337.099976,84.69000244,24.43199921,1197.959961,1.403607249
11-04-2010,1382.699951,86.48999786,26.03899956,1221.060059,1.412728667
11-05-2010,1397.300049,86.84999847,26.74399948,1225.849976,1.422798991
11-08-2010,1402.800049,87.05999756,27.4279995,1223.25,1.407578468
11-09-2010,1409.800049,86.72000122,28.90200043,1213.400024,1.386962533
11-10-2010,1399.099976,87.80999756,26.86100006,1218.709961,1.377201796
11-11-2010,1403.099976,87.80999756,27.40099907,1213.540039,1.377562284
11-12-2010,1365.400024,84.87999725,25.93799973,1199.209961,1.36210084
12-01-2010,1387.300049,86.75,28.38800049,1206.069946,1.299207449
12-02-2010,1388.5,88,28.54199982,1221.530029,1.31249094
12-03-2010,1405.400024,89.19000244,29.24099922,1224.709961,1.321597576
12-06-2010,1415.300049,89.37999725,29.70499992,1223.119995,1.341597557
12-07-2010,1408.300049,88.69000244,29.74799919,1223.75,1.32869184
12-08-2010,1382.5,88.27999878,28.22400093,1228.280029,1.324468136
12-09-2010,1392.099976,88.37000275,28.78899956,1233,1.325082421
12-10-2010,1384.300049,87.79000092,28.57600021,1240.400024,1.32420516
01-03-2011,1422.599976,91.55000305,31.09600067,1271.869995,1.33579123
01-04-2011,1378.5,89.37999725,29.49200058,1270.199951,1.33568418
01-05-2011,1373.400024,90.30000305,29.17300034,1276.560059,1.332107782
01-06-2011,1371.400024,88.37999725,29.11000061,1273.849976,1.31568563
01-07-2011,1368.5,88.02999878,28.6609993,1271.5,1.297993302
01-10-2011,1373.699951,89.25,28.85099983,1269.75,1.28950727
01-11-2011,1384,91.11000061,29.48999977,1274.47998,1.296495676
01-12-2011,1385.699951,91.86000061,29.53199959,1285.959961,1.298397779
02-01-2011,1339.599976,90.76999664,28.52400017,1307.589966,1.37138474
02-02-2011,1331.5,90.86000061,28.29899979,1304.030029,1.38299191
02-03-2011,1352.300049,90.54000092,28.7329998,1307.099976,1.381788015
02-04-2011,1348.300049,89.02999878,29.06399918,1310.869995,1.36245358
02-07-2011,1347.599976,87.48000336,29.34799957,1319.050049,1.357496738
02-08-2011,1363.400024,86.94000244,30.27099991,1324.569946,1.359194279
02-09-2011,1364.800049,86.70999908,30.27300072,1320.880005,1.36269486
02-10-2011,1361.900024,86.73000336,30.0909996,1321.869995,1.372099757
02-11-2011,1359.900024,85.58000183,29.99200058,1329.150024,1.360192657
03-01-2011,1430.699951,99.62999725,34.41600037,1306.329956,1.382150888
03-02-2011,1437.199951,102.2300034,34.82500076,1308.439941,1.377182841
03-03-2011,1416,101.9100037,34.31299973,1330.969971,1.386654854
03-04-2011,1428.199951,104.4199982,35.31700134,1321.150024,1.395887733
03-07-2011,1434.099976,105.4400024,35.85499954,1310.130005,1.399070978
03-08-2011,1426.900024,105.0199966,35.65299988,1321.819946,1.396394491
03-09-2011,1429.300049,104.3799973,36.04299927,1320.02002,1.389796138
03-10-2011,1412.199951,102.6999969,35.06399918,1295.109985,1.390221238
03-11-2011,1421.5,101.1600037,35.93299866,1304.280029,1.38012898
04-01-2011,1428.099976,107.9400024,37.73699951,1332.410034,1.415869117
04-04-2011,1432.199951,108.4700012,38.48400116,1332.869995,1.422333479
04-05-2011,1451.800049,108.3399963,39.17499924,1332.630005,1.422009826
04-06-2011,1457.699951,108.8300018,39.38399887,1335.540039,1.421908855
04-07-2011,1458.5,110.3000031,39.54199982,1333.51001,1.43352735
04-08-2011,1473.400024,112.7900009,40.59999847,1328.170044,1.43020606
04-11-2011,1467.400024,109.9199982,40.60400009,1324.459961,1.446215272
04-12-2011,1452.900024,106.25,40.05799866,1314.160034,1.443793178
05-02-2011,1556.699951,113.5199966,46.07799911,1361.219971,1.479399443
05-03-2011,1540.099976,111.0500031,42.57600021,1356.619995,1.48238194
05-04-2011,1514.900024,109.2399979,39.38299942,1347.319946,1.483327389
05-05-2011,1480.900024,99.80000305,36.23099899,1335.099976,1.482975483
05-06-2011,1491.199951,97.18000031,35.28300095,1340.199951,1.45443964
05-09-2011,1502.900024,102.5500031,37.11000061,1346.290039,1.435296774
05-10-2011,1516.599976,103.8799973,38.47999954,1357.160034,1.437607884
05-11-2011,1501.099976,98.20999908,35.50899887,1342.079956,1.441109061
05-12-2011,1506.599976,98.97000122,34.79299927,1348.650024,1.421100497
06-01-2011,1542.400024,100.2900009,37.68899918,1314.550049,1.44279325
06-02-2011,1532,100.4000015,36.20000076,1312.939941,1.434493899
06-03-2011,1541.699951,100.2200012,36.18700027,1300.160034,1.448603511
06-06-2011,1546.5,99.01000214,36.77600098,1286.170044,1.465502143
06-07-2011,1543.300049,99.08999634,37.04000092,1284.939941,1.458299994
06-08-2011,1538.099976,100.7399979,36.61899948,1279.560059,1.468601346
06-09-2011,1542.099976,101.9300003,37.42300034,1289,1.460195065
06-10-2011,1528.599976,99.29000092,36.32600021,1270.97998,1.451568365
07-01-2011,1482.300049,94.94000244,33.69400024,1339.670044,1.449695468
07-05-2011,1512.300049,96.88999939,35.40200043,1337.880005,1.455307484
07-06-2011,1528.699951,96.65000153,35.9109993,1339.219971,1.442813993
07-07-2011,1530.199951,98.66999817,36.52799988,1353.219971,1.433157563
07-08-2011,1541.199951,96.19999695,36.5359993,1343.800049,1.436451316
07-11-2011,1548.800049,95.15000153,35.68899918,1319.48999,1.420192361
07-12-2011,1561.900024,97.43000031,35.62900162,1313.640015,1.404060483
08-01-2011,1619,94.88999939,39.29800034,1286.939941,1.436368823
08-02-2011,1641.900024,93.79000092,40.08100128,1254.050049,1.426208019
08-03-2011,1663.400024,91.93000031,41.74700165,1260.339966,1.417333961
08-04-2011,1656.199951,86.62999725,39.41799927,1200.069946,1.435296774
08-05-2011,1648.800049,86.87999725,38.1969986,1199.380005,1.406707168
08-08-2011,1710.199951,81.30999756,39.37400055,1119.459961,1.42940855
08-09-2011,1740,79.30000305,37.8769989,1172.530029,1.417072892
08-10-2011,1781.300049,82.88999939,39.32500076,1120.76001,1.438310862
08-11-2011,1748.800049,85.72000122,38.65599823,1172.640015,1.412469268
08-12-2011,1740.199951,85.37999725,39.10100174,1178.810059,1.422636986
09-01-2011,1826,88.93000031,41.48199844,1204.420044,1.437463164
09-02-2011,1873.699951,86.44999695,43.02000046,1173.969971,1.426208019
09-06-2011,1869.900024,86.01999664,41.81800079,1165.23999,1.406311512
09-07-2011,1814.199951,89.33999634,41.5719986,1198.619995,1.400324941
09-08-2011,1854.400024,89.05000305,42.47900009,1185.900024,1.408569694
09-09-2011,1856.400024,87.23999786,41.57300186,1154.22998,1.390414476
09-12-2011,1809.900024,88.19000244,40.16400146,1162.27002,1.360081553
10-03-2011,1656,77.61000061,30.75,1099.22998,1.336094618
10-04-2011,1614.699951,75.66999817,29.79500008,1123.949951,1.319504857
10-05-2011,1640.300049,79.68000031,30.31699944,1144.030029,1.333013415
10-06-2011,1651.900024,82.58999634,31.96999931,1164.969971,1.333991528
10-07-2011,1634.5,82.98000336,30.95800018,1155.459961,1.342894673
10-10-2011,1669.599976,85.41000366,31.94400024,1194.890015,1.33859849
10-11-2011,1659.699951,85.80999756,31.96299934,1195.540039,1.36354959
10-12-2011,1681.300049,85.56999969,32.75400162,1207.25,1.364573002
11-01-2011,1711,92.19000244,32.72200012,1218.280029,1.386001468
11-02-2011,1728.699951,92.51000214,33.92900085,1237.900024,1.365597844
11-03-2011,1764.199951,94.06999969,34.48799896,1261.150024,1.369000435
11-04-2011,1755.300049,94.26000214,34.06999969,1253.22998,1.38299191
11-07-2011,1790.300049,95.51999664,34.81200027,1261.119995,1.378929973
11-08-2011,1798.400024,96.80000305,35.13700104,1275.920044,1.376007915
11-09-2011,1790.900024,95.73999786,34.34799957,1229.099976,1.382647872
11-10-2011,1758.900024,97.77999878,34.09500122,1239.699951,1.352667451
11-11-2011,1787.5,98.98999786,34.67100143,1263.849976,1.361007214
12-01-2011,1735.300049,100.1999969,32.69499969,1244.579956,1.344393134
12-02-2011,1747,100.9599991,32.62099838,1244.280029,1.346692443
12-05-2011,1730.699951,100.9899979,32.30599976,1257.079956,1.341903687
12-06-2011,1727.900024,101.2799988,32.67200089,1258.469971,1.338670135
12-07-2011,1740.900024,100.4899979,32.55500031,1261.01001,1.341201782
12-08-2011,1709.800049,98.33999634,31.46699905,1234.349976,1.340374708
12-09-2011,1712.800049,99.41000366,32.17300034,1255.189941,1.334543347
12-12-2011,1664.199951,97.76999664,30.93499947,1236.469971,1.337166548
01-03-2012,1599.699951,102.9599991,29.53300095,1277.060059,1.294096351
01-04-2012,1611.900024,103.2200012,29.06299973,1277.300049,1.305602312
01-05-2012,1619.400024,101.8099976,29.26499939,1281.060059,1.293142438
01-06-2012,1616.099976,101.5599976,28.65299988,1277.810059,1.279606819
01-09-2012,1607.5,101.3099976,28.74900055,1280.699951,1.268037796
01-10-2012,1631,102.2399979,29.78300095,1292.079956,1.277595997
01-11-2012,1639.199951,100.8700027,29.8579998,1292.47998,1.27518487
01-12-2012,1647.300049,99.09999847,30.09199905,1295.5,1.272394061
02-01-2012,1747.099976,97.61000061,33.77799988,1324.089966,1.307702422
02-02-2012,1756.800049,96.36000061,34.15100098,1325.540039,1.317002535
02-03-2012,1737.900024,97.83999634,33.72499847,1344.900024,1.313715219
02-06-2012,1722.800049,96.91000366,33.72200012,1344.329956,1.312714934
02-07-2012,1746.400024,98.41000366,34.16500092,1347.050049,1.31216383
02-08-2012,1729.300049,98.70999908,33.67300034,1349.959961,1.324854255
02-09-2012,1739,99.83999634,33.88399887,1351.949951,1.324854255
02-10-2012,1723.300049,98.66999817,33.57600021,1342.640015,1.327844977
03-01-2012,1721.099976,108.8399963,35.61100006,1374.089966,1.33209002
03-02-2012,1708.800049,106.6999969,34.48099899,1369.630005,1.332267523
03-05-2012,1703,106.7200012,33.65100098,1364.329956,1.318617582
03-06-2012,1671.400024,104.6999969,32.74100113,1343.359985,1.322576404
03-07-2012,1683.300049,106.1600037,33.54299927,1352.630005,1.312335968
03-08-2012,1698.099976,106.5800018,33.78900146,1365.910034,1.313991427
03-09-2012,1710.900024,107.4000015,34.17499924,1370.869995,1.327492356
03-12-2012,1699.199951,106.3399963,33.37400055,1371.089966,1.312508225
04-02-2012,1677.5,105.2300034,33.08300018,1419.040039,1.335826874
04-03-2012,1670,104.0100021,33.25,1413.380005,1.333333373
04-04-2012,1612.300049,101.4700012,31.02899933,1398.959961,1.322523952
04-05-2012,1628.5,103.3099976,31.7159996,1398.079956,1.314405918
04-09-2012,1642.5,102.4599991,31.51300049,1382.199951,1.307907581
04-10-2012,1659.5,101.0199966,31.67000008,1358.589966,1.311131477
04-11-2012,1659,102.6999969,31.51099968,1368.709961,1.307360411
04-12-2012,1679.5,103.6399994,32.51499939,1387.569946,1.311991572
05-01-2012,1661.699951,106.1600037,30.87700081,1405.819946,1.323977232
05-02-2012,1653.400024,105.2200012,30.59199905,1402.310059,1.323977232
05-03-2012,1634.199951,102.5400009,29.95899963,1391.569946,1.314751506
05-04-2012,1644.699951,98.48999786,30.37999916,1369.099976,1.315616369
05-07-2012,1638.599976,97.94000244,30.0720005,1369.579956,1.297033668
05-08-2012,1604,97.01000214,29.41399956,1363.719971,1.306165099
05-09-2012,1593.699951,96.80999756,29.1970005,1354.579956,1.299545169
05-10-2012,1595.099976,97.08000183,29.13599968,1357.98999,1.293660998
05-11-2012,1583.599976,96.12999725,28.8579998,1353.390015,1.293493748
06-01-2012,1620.5,83.23000336,28.49699974,1278.040039,1.236246705
06-04-2012,1612.199951,83.98000336,27.99200058,1278.180054,1.240233183
06-05-2012,1615.199951,84.29000092,28.38999939,1285.5,1.250938296
06-06-2012,1632.800049,85.01999664,29.47599983,1315.130005,1.246261239
06-07-2012,1586.599976,84.81999969,28.5189991,1314.98999,1.257387161
06-08-2012,1590.099976,84.09999847,28.46100044,1325.660034,1.257071018
06-11-2012,1595.5,82.69999695,28.6060009,1308.930054,1.264542222
06-12-2012,1612.699951,83.31999969,28.94300079,1324.180054,1.247816324
07-02-2012,1597.199951,83.75,27.46800041,1365.51001,1.265518427
07-03-2012,1621.300049,87.66000366,28.24300003,1374.02002,1.258178234
07-05-2012,1608.900024,87.22000122,27.63800049,1367.579956,1.251627207
07-06-2012,1578.400024,84.44999695,26.88899994,1354.680054,1.239157438
07-09-2012,1588.599976,85.98999786,27.4109993,1352.459961,1.22714448
07-10-2012,1579.300049,83.91000366,26.85099983,1341.469971,1.231830478
07-11-2012,1575.199951,85.80999756,26.99500084,1341.449951,1.225640297
07-12-2012,1564.900024,86.08000183,27.13599968,1334.76001,1.22472477
08-01-2012,1603.699951,88.91000366,27.5170002,1375.319946,1.22940743
08-02-2012,1587.400024,87.12999725,26.9810009,1365,1.224140048
08-03-2012,1606,91.40000153,27.79000092,1390.98999,1.218026876
08-06-2012,1612.900024,92.19999695,27.85199928,1394.22998,1.242853642
08-07-2012,1609.699951,93.66999817,28.07500076,1401.349976,1.239003897
08-08-2012,1612.900024,93.34999847,28.06699944,1402.219971,1.238696933
08-09-2012,1617.099976,93.36000061,28.09000015,1402.800049,1.237332821
08-10-2012,1619.699951,92.87000275,28.05500031,1405.869995,1.22940743
09-04-2012,1692.900024,95.30000305,32.34799957,1404.939941,1.258653283
09-05-2012,1690.800049,95.36000061,32.27199936,1403.439941,1.253446937
09-06-2012,1702.599976,95.52999878,32.61899948,1432.119995,1.260239482
09-07-2012,1737.5,96.41999817,33.63299942,1437.920044,1.263264298
09-10-2012,1728.699951,96.54000092,33.57400131,1429.079956,1.279590607
09-11-2012,1731.800049,97.16999817,33.50899887,1433.560059,1.276161313
09-12-2012,1730.599976,97.01000214,33.23300171,1436.560059,1.28518188
10-01-2012,1780.5,92.48000336,34.88100052,1444.48999,1.28090167
10-02-2012,1772.699951,91.88999939,34.60400009,1445.75,1.28882587
10-03-2012,1777.300049,88.13999939,34.63100052,1450.98999,1.291655898
10-04-2012,1794.099976,91.70999908,35.04100037,1461.400024,1.292323589
10-05-2012,1778.599976,89.87999725,34.51599884,1460.930054,1.301744342
10-08-2012,1773.5,89.33000183,33.98199844,1455.880005,1.301574945
10-09-2012,1763,92.38999939,33.95100021,1441.47998,1.297690034
10-10-2012,1763.199951,91.25,34.07300186,1432.560059,1.285842896
10-11-2012,1768.800049,92.06999969,34.04600143,1432.839966,1.285842896
10-12-2012,1758,91.86000061,33.63299942,1428.589966,1.293326497
11-01-2012,1714.099976,87.08999634,32.22600174,1427.589966,1.296512365
11-02-2012,1674.099976,84.86000061,30.83499908,1414.199951,1.29483366
11-05-2012,1682.199951,85.65000153,31.11300087,1417.26001,1.282791376
11-06-2012,1714.099976,88.70999908,32.01900101,1428.390015,1.2802459
11-07-2012,1713.199951,84.44000244,31.65099907,1394.530029,1.280803323
11-08-2012,1725.400024,85.08999634,32.23099899,1377.51001,1.275998473
11-09-2012,1730.300049,86.06999969,32.59000015,1379.849976,1.274534822
11-12-2012,1730.300049,85.56999969,32.51300049,1380.030029,1.272394061
12-03-2012,1719.599976,89.08999634,33.68099976,1409.459961,1.299680233
12-05-2012,1692.400024,87.87999725,32.88299942,1409.280029,1.309929252
12-06-2012,1700.300049,86.26000214,33.03900146,1413.939941,1.307018638
12-07-2012,1704,85.93000031,33.0530014,1418.069946,1.296344399
12-10-2012,1713,85.55999756,33.29999924,1418.550049,1.290605664
12-11-2012,1708.199951,85.79000092,32.94100189,1427.839966,1.293828487
12-12-2012,1716.599976,86.76999664,33.70700073,1428.47998,1.301320791
01-02-2013,1687.900024,93.12000275,30.95199966,1462.420044,1.319783568
01-03-2013,1673.699951,92.91999817,30.67099953,1459.369995,1.318217754
01-04-2013,1648.099976,93.08999634,29.89599991,1466.469971,1.303271174
01-07-2013,1645.5,93.19000244,30.03199959,1461.890015,1.30674541
01-08-2013,1661.5,93.15000153,30.41500092,1457.150024,1.312508225
01-09-2013,1654.800049,93.09999847,30.20100021,1461.02002,1.308232665
01-10-2013,1677.300049,93.81999969,30.875,1472.119995,1.305483103
01-11-2013,1660,93.55999756,30.36700058,1472.050049,1.327316165
02-01-2013,1669.400024,97.76999664,31.94199944,1513.170044,1.36109972
02-04-2013,1675.300049,96.16999817,31.70000076,1495.709961,1.364870906
02-05-2013,1672.400024,96.63999939,31.85899925,1511.290039,1.351168752
02-06-2013,1677.699951,96.62000275,31.86100006,1512.119995,1.358142018
02-07-2013,1670.400024,95.83000183,31.38699913,1509.390015,1.352393031
02-08-2013,1666,95.72000122,31.42499924,1517.930054,1.338938951
02-11-2013,1648.199951,97.02999878,30.89500046,1517.01001,1.336826921
02-12-2013,1648.699951,97.51000214,31.00399971,1519.430054,1.340356708
03-01-2013,1571.900024,90.68000031,28.45100021,1518.199951,1.305994511
03-04-2013,1572.099976,90.12000275,28.45700073,1525.199951,1.301693439
03-05-2013,1574.599976,90.81999969,28.56299973,1539.790039,1.30361104
03-06-2013,1574.599976,90.43000031,28.76000023,1541.459961,1.304852724
03-07-2013,1574.800049,91.55999756,28.7670002,1544.26001,1.297858477
03-08-2013,1576.599976,91.94999695,28.9090004,1551.180054,1.311131477
03-11-2013,1577.800049,92.05999756,28.81200027,1556.219971,1.298802495
03-12-2013,1591.5,92.54000092,29.13100052,1552.47998,1.303271174
04-01-2013,1600,97.06999969,27.91300011,1562.170044,1.280573726
04-02-2013,1575.099976,97.19000244,27.21699905,1570.25,1.285016775
04-03-2013,1552.800049,94.44999695,26.77300072,1553.689941,1.282051325
04-04-2013,1551.800049,93.26000214,26.74799919,1559.97998,1.285016775
04-05-2013,1575.400024,92.69999695,27.20100021,1553.280029,1.292824745
04-08-2013,1572,93.36000061,27.12000084,1563.069946,1.299207449
04-09-2013,1586.199951,94.19999695,27.86599922,1568.609985,1.302931666
04-10-2013,1558.300049,94.63999939,27.63899994,1587.72998,1.308027387
04-11-2013,1564.300049,93.51000214,27.68499947,1593.369995,1.305534124
04-12-2013,1501,91.29000092,26.3220005,1588.849976,1.311475396
05-01-2013,1446.300049,91.02999878,23.30500031,1582.699951,1.316829085
05-02-2013,1467.699951,93.98999786,23.79000092,1597.589966,1.318217754
05-03-2013,1464.300049,95.61000061,23.97500038,1614.420044,1.306506395
05-06-2013,1468.099976,96.16000366,23.91799927,1617.5,1.312335968
05-07-2013,1449,95.62000275,23.77099991,1625.959961,1.307018638
05-08-2013,1473.900024,96.62000275,23.8920002,1632.689941,1.307702422
05-09-2013,1468.800049,96.38999939,23.87899971,1626.670044,1.316135764
05-10-2013,1436.800049,96.04000092,23.63199997,1633.699951,1.303441048
06-03-2013,1411.699951,93.44999695,22.71500015,1640.420044,1.299646497
06-04-2013,1397.099976,93.30999756,22.39999962,1631.380005,1.307291985
06-05-2013,1398.400024,93.73999786,22.46500015,1608.900024,1.307343364
06-06-2013,1415.699951,94.76000214,22.70100021,1622.560059,1.309328914
06-07-2013,1383,96.02999878,21.73699951,1643.380005,1.324555874
06-10-2013,1386.199951,95.76999664,21.92099953,1642.810059,1.322401404
06-11-2013,1377,95.37999725,21.64500046,1626.130005,1.322401404
06-12-2013,1391.800049,95.87999725,21.79599953,1612.52002,1.322401404
07-01-2013,1255.900024,97.98999786,19.55999947,1614.959961,1.301405549
07-02-2013,1243.599976,99.59999847,19.29800034,1614.079956,1.306762457
07-03-2013,1252.099976,101.2399979,19.68899918,1615.410034,1.297892213
07-05-2013,1212.900024,103.2200012,18.72599983,1631.890015,1.2907722
07-08-2013,1234.900024,103.1399994,19.02499962,1640.459961,1.282906532
07-09-2013,1245.900024,103.5299988,19.125,1652.319946,1.287100673
07-10-2013,1247.400024,106.5199966,19.15099907,1652.619995,1.278183937
07-11-2013,1280.099976,104.9100037,19.94300079,1675.02002,1.318774104
07-12-2013,1277.800049,105.9499969,19.77899933,1680.189941,1.309774756
08-01-2013,1311,107.8899994,19.61499977,1706.869995,1.330140948
08-02-2013,1310.599976,106.9400024,19.90299988,1709.670044,1.32119596
08-05-2013,1302.599976,106.5599976,19.71100044,1707.140015,1.327897787
08-06-2013,1283.199951,105.3000031,19.51499939,1697.369995,1.325750113
08-07-2013,1286.099976,104.3700027,19.49799919,1690.910034,1.330813646
08-08-2013,1310.699951,103.4000015,20.18400002,1697.47998,1.33409822
08-09-2013,1312.900024,105.9700012,20.39900017,1691.420044,1.33800745
08-12-2013,1334.699951,106.1100006,21.33200073,1689.469971,1.333938003
09-03-2013,1412,108.5400009,24.38199997,1639.77002,1.319000244
09-04-2013,1389.900024,107.2300034,23.36899948,1653.079956,1.317401648
09-05-2013,1373.099976,108.3700027,23.20599937,1655.079956,1.32006228
09-06-2013,1386.699951,110.5299988,23.84199905,1655.170044,1.31183672
09-09-2013,1386.800049,109.5199966,23.66799927,1671.709961,1.317418814
09-10-2013,1364.099976,107.3899994,22.9659996,1683.98999,1.325802803
09-11-2013,1363.900024,107.5599976,23.12100029,1689.130005,1.3266294
09-12-2013,1330.400024,108.5999985,22.09900093,1683.420044,1.331557989
10-01-2013,1286,102.0400009,21.12400055,1695,1.352521181
10-02-2013,1320.599976,104.0999985,21.84600067,1693.869995,1.352338195
10-03-2013,1317.400024,103.3099976,21.73900032,1678.660034,1.359101892
10-04-2013,1309.699951,103.8399963,21.70499992,1690.5,1.362416387
10-07-2013,1324.800049,103.0299988,22.3390007,1676.119995,1.356999397
10-09-2013,1306.900024,101.6100006,21.84600067,1656.400024,1.359804153
10-10-2013,1296.599976,103.0100021,21.85000038,1692.560059,1.352027416
10-11-2013,1268,102.0199966,21.21500015,1703.199951,1.352667451
11-01-2013,1313.099976,94.61000061,21.80400085,1761.640015,1.357976079
11-04-2013,1314.599976,94.62000275,21.6779995,1767.930054,1.349400282
11-05-2013,1308,93.37000275,21.61400032,1762.969971,1.351698399
11-06-2013,1317.699951,94.80000305,21.74600029,1770.48999,1.34730947
11-07-2013,1308.400024,94.19999695,21.63899994,1747.150024,1.351807952
11-08-2013,1284.5,94.59999847,21.30699921,1770.609985,1.340913892
11-11-2013,1281,95.13999939,21.27199936,1771.890015,1.334792614
11-12-2013,1271.099976,93.04000092,20.76799965,1767.689941,1.340931892
12-02-2013,1222.300049,93.81999969,19.2329998,1800.900024,1.35851109
12-03-2013,1221.699951,96.04000092,19.01099968,1795.150024,1.354206204
12-04-2013,1248.199951,97.19999695,19.77400017,1792.810059,1.359064937
12-05-2013,1233.199951,97.37999725,19.51399994,1785.030029,1.358640313
12-06-2013,1230.300049,97.65000153,19.46500015,1805.089966,1.366997957
12-09-2013,1235.300049,97.33999634,19.6439991,1808.369995,1.370651603
12-10-2013,1262.400024,98.51000214,20.25600052,1802.619995,1.374022722
12-11-2013,1258.5,97.44000244,20.29800034,1782.219971,1.376443624
12-12-2013,1226,97.5,19.40200043,1775.5,1.378606796
01-02-2014,1225,95.44000244,20.09799957,1831.97998,1.376670957
01-03-2014,1238.400024,93.95999908,20.18199921,1831.369995,1.366661668
01-06-2014,1237.800049,93.43000031,20.07699966,1826.77002,1.359600782
01-07-2014,1229.400024,93.66999817,19.76499939,1837.880005,1.363196492
01-08-2014,1225.300049,92.33000183,19.51799965,1837.48999,1.361637235
01-09-2014,1229.300049,91.66000366,19.66300011,1838.130005,1.357201934
01-10-2014,1246.699951,92.72000122,20.20100021,1842.369995,1.360710859
02-03-2014,1260.400024,96.43000031,19.38899994,1741.890015,1.348817825
02-04-2014,1251.699951,97.19000244,19.40200043,1755.199951,1.352502823
02-05-2014,1257.300049,97.37999725,19.78499985,1751.640015,1.351588726
02-06-2014,1257.599976,97.83999634,19.90800095,1773.430054,1.353509665
02-07-2014,1263.300049,99.87999725,19.92000008,1797.02002,1.359212756
02-10-2014,1274.800049,100.0599976,20.09900093,1799.839966,1.361933947
02-11-2014,1290.099976,99.94000244,20.14299965,1819.75,1.364610195
02-12-2014,1295.300049,100.3700027,20.33099937,1819.26001,1.363902926
03-03-2014,1350.099976,104.9199982,21.44799995,1845.72998,1.377695084
03-04-2014,1337.800049,103.3300018,21.18799973,1873.910034,1.373701811
03-05-2014,1340.199951,101.4499969,21.23900032,1873.810059,1.374117136
03-06-2014,1351.699951,101.5599976,21.54199982,1877.030029,1.373418808
03-07-2014,1338.099976,102.5800018,20.89699936,1878.040039,1.386308789
03-10-2014,1341.400024,101.1200027,20.87899971,1877.170044,1.387867332
03-11-2014,1346.5,100.0299988,20.7840004,1867.630005,1.387886524
03-12-2014,1370.300049,97.98999786,21.32799911,1868.199951,1.385809302
04-01-2014,1279.599976,99.73999786,19.66900063,1885.52002,1.377505302
04-02-2014,1290.5,99.62000275,20.03100014,1890.900024,1.379481554
04-03-2014,1284.400024,100.2900009,19.7859993,1888.77002,1.376822591
04-04-2014,1303.199951,101.1399994,19.92700005,1865.089966,1.372382164
04-07-2014,1298,100.4400024,19.89100075,1845.040039,1.370407462
04-08-2014,1308.699951,102.5599976,20.04199982,1851.959961,1.374306083
04-09-2014,1305.5,103.5999985,19.75499916,1872.180054,1.379329324
04-10-2014,1320.099976,103.4000015,20.07799911,1833.079956,1.3855021
04-11-2014,1318.699951,103.7399979,19.93300056,1815.689941,1.388638139
05-01-2014,1283.099976,99.41999817,18.98900032,1883.680054,1.386924148
05-02-2014,1302.599976,99.76000214,19.49200058,1881.140015,1.387097239
05-05-2014,1309,99.48000336,19.52000046,1884.660034,1.387270451
05-06-2014,1308.300049,99.5,19.59799957,1867.719971,1.38759768
05-07-2014,1288.599976,100.7699966,19.29800034,1878.209961,1.393068075
05-08-2014,1287.400024,100.2600021,19.09399986,1875.630005,1.391168952
05-09-2014,1287.300049,99.98999786,19.07699966,1878.47998,1.384427905
05-12-2014,1295.599976,100.5899963,19.5,1896.650024,1.376064658
06-02-2014,1243.699951,102.4700012,18.70899963,1924.969971,1.362806201
06-03-2014,1244.300049,102.6600037,18.73200035,1924.23999,1.35989666
06-04-2014,1244,102.6399994,18.76600075,1927.880005,1.36210084
06-05-2014,1253,102.4800034,19.05500031,1940.459961,1.360414624
06-06-2014,1252.099976,102.6600037,18.96299934,1949.439941,1.366194844
06-09-2014,1253.5,104.4100037,19.04500008,1951.27002,1.364293694
06-10-2014,1259.800049,104.3499985,19.14699936,1950.790039,1.359268188
06-11-2014,1260.800049,104.4000015,19.15399933,1943.890015,1.354096174
06-12-2014,1273.599976,106.5299988,19.51499939,1930.109985,1.353711247
07-01-2014,1326.400024,105.3399963,21.06699944,1973.319946,1.369356513
07-02-2014,1330.699951,104.4800034,21.25399971,1974.619995,1.368082643
07-03-2014,1320.400024,104.0599976,21.0890007,1985.439941,1.365299582
07-07-2014,1316.5,103.5299988,20.9659996,1977.650024,1.358843327
07-08-2014,1316,103.4000015,20.96699905,1963.709961,1.360618234
07-09-2014,1323.800049,102.2900009,21.02199936,1972.829956,1.361711383
07-10-2014,1338.699951,102.9300003,21.45899963,1964.680054,1.364293694
07-11-2014,1337,100.8300018,21.4109993,1967.569946,1.36050725
08-01-2014,1293.599976,97.87999725,20.33200073,1925.150024,1.338992834
08-04-2014,1287.699951,98.29000092,20.19400024,1938.98999,1.342894673
08-05-2014,1284,97.37999725,19.79400063,1920.209961,1.342209816
08-06-2014,1306.699951,96.91999817,19.98500061,1920.23999,1.337238073
08-07-2014,1310.800049,97.33999634,19.95100021,1909.569946,1.338294029
08-08-2014,1308.900024,97.65000153,19.90200043,1931.589966,1.335826874
08-11-2014,1308.5,98.08000183,20.05999947,1936.920044,1.340518475
08-12-2014,1308.800049,97.37000275,19.87000084,1933.75,1.338490963
09-02-2014,1263.699951,92.87999725,19.07099915,2002.280029,1.313197613
09-03-2014,1268.900024,95.54000092,19.1079998,2000.719971,1.313197613
09-04-2014,1265.099976,94.44999695,19.06399918,1997.650024,1.315097332
09-05-2014,1265.800049,93.29000092,19.08200073,2007.709961,1.293276191
09-08-2014,1252.699951,92.66000366,18.88699913,2001.540039,1.295336723
09-09-2014,1246.800049,92.75,18.84399986,1988.439941,1.289108276
09-10-2014,1243.5,91.66999817,18.8560009,1995.689941,1.294196844
09-11-2014,1237.400024,92.83000183,18.53300095,1997.449951,1.291705966
09-12-2014,1229.900024,92.26999664,18.54599953,1985.540039,1.292356968
10-01-2014,1214.599976,90.73000336,17.20999908,1946.160034,1.262833595
10-02-2014,1214.199951,91.01000214,17.00099945,1946.170044,1.262419105
10-03-2014,1192.199951,89.73999786,16.78000069,1967.900024,1.267057776
10-06-2014,1206.699951,90.33999634,17.18000031,1964.819946,1.251360774
10-07-2014,1211.699951,88.84999847,17.19099998,1935.099976,1.264606237
10-08-2014,1205.300049,87.30999756,17.01499939,1968.890015,1.26680088
10-09-2014,1224.599976,85.76999664,17.36700058,1928.209961,1.274307489
10-10-2014,1221,85.81999969,17.25200081,1906.130005,1.268906713
11-03-2014,1169.400024,78.77999878,16.17499924,2017.810059,1.250312567
11-04-2014,1167.400024,77.19000244,15.92700005,2012.099976,1.249593854
11-05-2014,1145.400024,78.68000031,15.41800022,2023.569946,1.255256414
11-06-2014,1142.300049,77.91000366,15.3920002,2031.209961,1.248003125
11-07-2014,1169.599976,78.65000153,15.69900036,2031.920044,1.23800683
11-10-2014,1159.599976,77.40000153,15.65699959,2038.26001,1.246137023
11-11-2014,1162.800049,77.94000244,15.66399956,2039.680054,1.24299264
11-12-2014,1158.900024,77.18000031,15.61900043,2038.25,1.247582912
12-01-2014,1218,69,16.64800072,2053.439941,1.243827581
12-02-2014,1199.199951,66.87999725,16.40800095,2066.550049,1.247007132
12-03-2014,1208.5,67.37999725,16.35899925,2074.330078,1.238850355
12-04-2014,1207.5,66.80999756,16.52000046,2071.919922,1.231663704
12-05-2014,1190.099976,65.83999634,16.19599915,2075.370117,1.238666177
12-08-2014,1194.699951,63.04999924,16.2159996,2060.310059,1.22940743
12-09-2014,1231.5,63.81999969,17.08099937,2059.820068,1.23151195
12-10-2014,1228.900024,60.93999863,17.13299942,2026.140015,1.239495277
12-11-2014,1225.099976,59.95000076,17.05900002,2035.329956,1.247395992
12-12-2014,1222,57.81000137,17.0189991,2002.329956,1.239495277
01-02-2015,1186,52.68999863,15.73400021,2058.199951,1.20894134
01-05-2015,1203.900024,50.04000092,16.17900085,2020.579956,1.194643259
01-06-2015,1219.300049,47.93000031,16.60300064,2002.609985,1.193901539
01-07-2015,1210.599976,48.65000153,16.51000023,2025.900024,1.187535644
01-08-2015,1208.400024,48.79000092,16.35099983,2062.139893,1.183600068
01-09-2015,1216,48.36000061,16.38599968,2044.810059,1.179606915
01-12-2015,1232.699951,46.06999969,16.53499985,2028.26001,1.18707037
02-02-2015,1276.199951,49.56999969,17.23500061,2020.849976,1.130901933
02-03-2015,1259.699951,53.04999924,17.30500031,2050.030029,1.134172678
02-04-2015,1263.800049,48.45000076,17.37899971,2041.51001,1.145737886
02-05-2015,1262,50.47999954,17.18000031,2062.52002,1.131874681
02-06-2015,1233.900024,51.68999863,16.6779995,2055.469971,1.147196889
02-09-2015,1240.800049,52.86000061,17.05400085,2046.73999,1.131439328
02-10-2015,1231.599976,50.02000046,16.85700035,2068.590088,1.132695317
02-11-2015,1219,48.84000015,16.74500084,2068.530029,1.132195115
02-12-2015,1220.099976,51.20999908,16.77799988,2088.47998,1.131196141
03-02-2015,1207.699951,49.59000015,16.40699959,2117.389893,1.116196036
03-03-2015,1204,50.52000046,16.25799942,2107.780029,1.117905498
03-04-2015,1200.599976,51.52999878,16.13199997,2098.530029,1.118217945
03-05-2015,1195.900024,50.75999832,16.13199997,2101.040039,1.10820508
03-06-2015,1164.099976,49.61000061,15.7840004,2071.26001,1.103204846
03-09-2015,1166.400024,50,15.75500011,2079.429932,1.08459866
03-10-2015,1160.099976,48.29000092,15.61299992,2044.160034,1.083341479
03-11-2015,1150.699951,48.16999817,15.34500027,2040.23999,1.070870161
03-12-2015,1152.099976,47.04999924,15.49300003,2065.949951,1.054874539
04-01-2015,1208.099976,50.09000015,17.04400063,2059.689941,1.073814034
04-02-2015,1200.900024,49.13999939,16.68600082,2066.959961,1.0769943
04-06-2015,1218.599976,52.13999939,17.09499931,2080.620117,1.100134254
04-07-2015,1210.599976,53.97999954,16.82500076,2076.330078,1.093481779
04-08-2015,1203.099976,50.41999817,16.44000053,2081.899902,1.082415104
04-09-2015,1193.599976,50.79000092,16.16399956,2091.179932,1.07852757
04-10-2015,1204.599976,51.63999939,16.37000084,2102.060059,1.066905618
05-01-2015,1174.5,59.15000153,16.11100006,2108.290039,1.121465921
05-04-2015,1186.800049,58.93000031,16.41799927,2114.48999,1.118593216
05-05-2015,1193.199951,60.40000153,16.55699921,2089.459961,1.114914179
05-06-2015,1190.300049,60.93000031,16.48399925,2080.149902,1.118630767
05-07-2015,1182.400024,58.93999863,16.27199936,2088,1.134146929
05-08-2015,1189.099976,59.38999939,16.44199944,2116.100098,1.124694943
05-11-2015,1183.199951,59.25,16.29800034,2105.330078,1.119407177
05-12-2015,1192.599976,60.75,16.51000023,2099.120117,1.114441991
06-01-2015,1188.300049,60.20000076,16.66399956,2111.72998,1.09579432
06-02-2015,1194.099976,61.25999832,16.78300095,2109.600098,1.092299342
06-03-2015,1184.699951,59.63999939,16.4640007,2114.070068,1.115001202
06-04-2015,1174.900024,58,16.0890007,2095.840088,1.125783801
06-05-2015,1167.800049,59.13000107,15.97099972,2092.830078,1.120787263
06-08-2015,1173.199951,58.13999939,15.95100021,2079.280029,1.110814929
06-09-2015,1177.300049,60.13999939,15.94900036,2080.149902,1.128095269
06-10-2015,1186.099976,61.43000031,15.95199966,2105.199951,1.129905224
06-11-2015,1179.900024,60.77000046,15.95300007,2108.860107,1.131196141
06-12-2015,1178.800049,59.95999908,15.81799984,2094.110107,1.124062777
07-01-2015,1169,56.95999908,15.55200005,2077.419922,1.113498926
07-02-2015,1163,56.93000031,15.5369997,2076.780029,1.103363037
07-06-2015,1172.900024,52.52999878,15.72599983,2068.76001,1.099505186
07-07-2015,1152.400024,52.33000183,14.94999981,2081.340088,1.104899168
07-08-2015,1163.300049,51.65000153,15.14700031,2046.680054,1.100994229
07-09-2015,1159,52.77999878,15.34500027,2051.310059,1.107100964
07-10-2015,1157.699951,52.74000168,15.46800041,2076.620117,1.106304884
08-03-2015,1089.400024,45.16999817,14.51599979,2098.040039,1.096900105
08-04-2015,1090.699951,45.74000168,14.55000019,2093.320068,1.095602274
08-05-2015,1085.699951,45.15000153,14.54599953,2099.840088,1.088897586
08-06-2015,1090.199951,44.65999985,14.67000008,2083.560059,1.090310454
08-07-2015,1094.099976,43.86999893,14.81599998,2077.570068,1.092705131
08-10-2015,1104.199951,44.95999908,15.28899956,2104.179932,1.096503258
08-11-2015,1107.599976,43.08000183,15.28100014,2084.070068,1.101697683
08-12-2015,1123.199951,43.29999924,15.47299957,2086.050049,1.104203701
09-01-2015,1138.699951,45.40999985,14.61299992,1913.849976,1.122586489
09-02-2015,1132.5,46.25,14.66100025,1948.859985,1.129343748
09-03-2015,1123.699951,46.75,14.70199966,1951.130005,1.121604323
09-04-2015,1120.599976,46.04999924,14.54399967,1921.219971,1.112594604
09-08-2015,1120.400024,45.93999863,14.75,1969.410034,1.116395473
09-09-2015,1102.199951,44.15000153,14.56799984,1942.040039,1.120736957
09-10-2015,1109.5,45.91999817,14.63399982,1952.290039,1.122069955
09-11-2015,1103.5,44.63000107,14.48999977,1961.050049,1.129088759
10-01-2015,1114.199951,44.74000168,14.50599957,1923.819946,1.117206097
10-02-2015,1137.099976,45.54000092,15.25699997,1951.359985,1.119344473
10-05-2015,1138.099976,46.25999832,15.70199966,1987.050049,1.122699857
10-06-2015,1146.800049,48.52999878,15.97900009,1979.920044,1.119519949
10-07-2015,1149,47.81000137,16.08799934,1995.829956,1.12679863
10-08-2015,1144.699951,49.43000031,15.76000023,2013.430054,1.123999596
10-09-2015,1156.300049,49.63000107,15.80900002,2014.890015,1.128693581
10-12-2015,1164.900024,47.09999847,15.85499954,2017.459961,1.136996746
11-02-2015,1135.800049,46.13999939,15.41300011,2104.050049,1.102596641
11-03-2015,1114.199951,47.90000153,15.24400043,2109.790039,1.101600647
11-04-2015,1106.5,46.31999969,15.06299973,2102.310059,1.096395016
11-05-2015,1104.400024,45.20000076,14.98799992,2099.929932,1.086802959
11-06-2015,1087.599976,44.29000092,14.6960001,2099.199951,1.088399768
11-09-2015,1087.900024,43.86999893,14.41800022,2078.580078,1.07334137
11-10-2015,1088.199951,44.20999908,14.35599995,2081.719971,1.075951457
11-11-2015,1084.699951,42.93000031,14.26200008,2075,1.073756337
11-12-2015,1080.800049,41.75,14.22399998,2045.969971,1.076298833
12-01-2015,1063.800049,41.84999847,14.05500031,2102.629883,1.057294726
12-02-2015,1054.199951,39.93999863,13.97900009,2079.51001,1.062586308
12-03-2015,1061.699951,41.08000183,14.05300045,2049.620117,1.061300755
12-04-2015,1084.5,39.97000122,14.50500011,2091.689941,1.091595769
12-07-2015,1076.400024,37.65000153,14.30700016,2077.070068,1.088399768
12-08-2015,1076.300049,37.50999832,14.0909996,2063.590088,1.08340013
12-09-2015,1077.599976,37.15999985,14.16399956,2047.619995,1.089395761
12-10-2015,1073.099976,36.75999832,14.08500004,2052.22998,1.101794839
12-11-2015,1076.900024,35.61999893,13.85900021,2012.369995,1.094810605
01-04-2016,1075.099976,36.75999832,13.81700039,2012.660034,1.085399151
01-05-2016,1078.400024,35.97000122,13.94900036,2016.709961,1.08275497
01-06-2016,1091.900024,33.97000122,13.95699978,1990.26001,1.075199366
01-07-2016,1107.699951,33.27000046,14.33500004,1943.089966,1.077899814
01-08-2016,1097.800049,33.15999985,13.90799999,1922.030029,1.092597604
01-11-2016,1096.5,31.40999985,13.85499954,1923.670044,1.094103813
01-12-2016,1085.599976,30.44000053,13.73999977,1938.680054,1.085799932
02-01-2016,1127.900024,31.62000084,14.32900047,1939.380005,1.082590818
02-02-2016,1127.300049,29.87999916,14.27600002,1903.030029,1.089728236
02-03-2016,1141.300049,32.27999878,14.72000027,1912.530029,1.092203856
02-04-2016,1157.599976,31.71999931,14.83600044,1915.449951,1.109102368
02-05-2016,1157.800049,30.88999939,14.76399994,1880.050049,1.119996428
02-08-2016,1197.900024,29.69000053,15.41600037,1853.439941,1.114504099
02-09-2016,1198.699951,27.94000053,15.44400024,1852.209961,1.118981242
02-10-2016,1194.699951,27.45000076,15.27700043,1851.859985,1.128999472
02-11-2016,1247.900024,26.20999908,15.78899956,1829.079956,1.128095269
02-12-2016,1239.099976,29.44000053,15.78499985,1864.780029,1.13179791
03-01-2016,1230.300049,34.40000153,14.7329998,1978.349976,1.088897586
03-02-2016,1241.099976,34.65999985,15.00300026,1986.449951,1.087594867
03-03-2016,1257.400024,34.56999969,15.13099957,1993.400024,1.086897373
03-04-2016,1269.900024,35.91999817,15.68099976,1999.98999,1.094894528
03-07-2016,1263.199951,37.90000153,15.62300014,2001.76001,1.099396467
03-08-2016,1262.099976,36.5,15.38399982,1979.26001,1.101600647
03-09-2016,1256.599976,38.29000092,15.35499954,1989.26001,1.100400567
03-10-2016,1272,37.84000015,15.54599953,1989.569946,1.098901033
03-11-2016,1258.699951,38.5,15.60700035,2022.189941,1.117843032
04-01-2016,1222.199951,36.79000092,15.04199982,2072.780029,1.13796711
04-04-2016,1218,35.70000076,14.94200039,2066.129883,1.139003992
04-05-2016,1228.400024,35.88999939,15.11400032,2045.170044,1.13890028
04-06-2016,1222.5,37.75,15.05200005,2066.659912,1.138200283
04-07-2016,1236.199951,37.25999832,15.15600014,2041.910034,1.140497923
04-08-2016,1242.5,39.72000122,15.38199997,2047.599976,1.137397647
04-11-2016,1256.699951,40.36000061,15.97399998,2041.98999,1.140302896
04-12-2016,1259.400024,42.16999817,16.21999931,2061.719971,1.141291857
05-02-2016,1294.699951,44.77999878,17.65600014,2081.429932,1.146302581
05-03-2016,1290.699951,43.65000153,17.47400093,2063.370117,1.152498603
05-04-2016,1273.300049,43.77999878,17.27700043,2051.120117,1.150403738
05-05-2016,1271.400024,44.31999969,17.30200005,2050.629883,1.149306417
05-06-2016,1292.900024,44.65999985,17.50699997,2057.139893,1.140601993
05-09-2016,1265.599976,43.43999863,17.06999969,2058.689941,1.138796568
05-10-2016,1263.900024,44.65999985,17.07500076,2084.389893,1.138796568
05-11-2016,1274.599976,46.22999954,17.30200005,2064.459961,1.13743639
05-12-2016,1270.300049,46.70000076,17.08699989,2064.110107,1.142700434
06-01-2016,1211.900024,49.00999832,15.90600014,2099.330078,1.113598108
06-02-2016,1209.800049,49.16999817,16.00499916,2105.26001,1.11890614
06-03-2016,1240.099976,48.61999893,16.34600067,2099.129883,1.115200162
06-06-2016,1244.599976,49.68999863,16.4279995,2109.409912,1.13509953
06-07-2016,1244.400024,50.36000061,16.37700081,2112.129883,1.136402369
06-08-2016,1259.800049,51.22999954,16.96800041,2119.120117,1.135782838
06-09-2016,1270.199951,50.56000137,17.25300026,2115.47998,1.140706182
06-10-2016,1273.400024,49.06999969,17.31500053,2096.070068,1.131503344
07-01-2016,1336.699951,48.99000168,19.54400063,2102.949951,1.110605121
07-05-2016,1356.400024,46.59999847,19.86599922,2088.550049,1.114603519
07-06-2016,1364.900024,47.43000031,20.15999985,2099.72998,1.106500745
07-07-2016,1360.099976,45.13999939,19.79800034,2097.899902,1.109902501
07-08-2016,1356.599976,45.40999985,20.05800056,2129.899902,1.106574178
07-11-2016,1355,44.75999832,20.26399994,2137.159912,1.104398847
07-12-2016,1334.099976,46.79999924,20.12999916,2152.139893,1.105803251
08-01-2016,1351.400024,40.06000137,20.46500015,2170.840088,1.116806865
08-02-2016,1364.400024,39.50999832,20.66600037,2157.030029,1.116806865
08-03-2016,1356.099976,40.83000183,20.43600082,2163.790039,1.121906281
08-04-2016,1358.800049,41.93000031,20.40600014,2164.25,1.115150452
08-05-2016,1336.400024,41.79999924,19.78000069,2182.870117,1.113474131
08-08-2016,1333.400024,43.02000046,19.76799965,2180.889893,1.108954787
08-09-2016,1339,42.77000046,19.81399918,2181.73999,1.10836482
08-10-2016,1344.300049,41.70999908,20.13400078,2175.48999,1.111580491
08-11-2016,1342.5,43.49000168,19.98399925,2185.790039,1.118643403
08-12-2016,1335.800049,44.49000168,19.67200089,2184.050049,1.113908291
09-01-2016,1312.199951,43.15999985,18.85700035,2170.860107,1.116071343
09-02-2016,1322.099976,44.43999863,19.27599907,2179.97998,1.120071769
09-06-2016,1349.400024,44.83000183,20.04899979,2186.47998,1.115324497
09-07-2016,1344.300049,45.5,19.75900078,2186.159912,1.125365734
09-08-2016,1336.800049,47.61999893,19.5909996,2181.300049,1.124100804
09-09-2016,1330.099976,45.88000107,19.28199959,2127.810059,1.127141595
09-12-2016,1321,46.29000092,18.91500092,2159.040039,1.124113321
10-03-2016,1309,48.81000137,18.79500008,2161.199951,1.123469234
10-04-2016,1266.300049,48.68999863,17.71299934,2150.48999,1.121038556
10-05-2016,1265.199951,49.83000183,17.63400078,2159.72998,1.121076226
10-06-2016,1249.800049,50.43999863,17.28800011,2160.77002,1.120824933
10-07-2016,1248.900024,49.81000137,17.3239994,2153.73999,1.114454508
10-11-2016,1253,50.79000092,17.45599937,2136.72998,1.114081979
10-12-2016,1251.099976,50.18000031,17.45499992,2139.179932,1.106194735
11-01-2016,1286.400024,46.66999817,18.38500023,2111.719971,1.097333431
11-02-2016,1306.800049,45.34000015,18.65999985,2097.939941,1.1057055
11-03-2016,1302.099976,44.65999985,18.38299942,2088.659912,1.109754801
11-04-2016,1303.300049,44.06999969,18.34199905,2085.179932,1.110247612
11-07-2016,1278.300049,44.88999939,18.12400055,2131.52002,1.11012435
11-08-2016,1273.400024,44.97999954,18.32999992,2139.560059,1.105216622
11-09-2016,1272.599976,45.27000046,18.35700035,2163.26001,1.101904154
11-10-2016,1265.5,44.65999985,18.7159996,2167.47998,1.092060685
12-01-2016,1166.900024,51.06000137,16.42700005,2191.080078,1.059209824
12-02-2016,1175.099976,51.68000031,16.75300026,2191.949951,1.066314101
12-05-2016,1174,51.79000092,16.8239994,2204.709961,1.058201075
12-06-2016,1167.599976,50.93000031,16.73999977,2212.22998,1.075731516
12-07-2016,1175,49.77000046,17.20299911,2241.350098,1.072041154
12-08-2016,1169.800049,50.84000015,17.02499962,2246.189941,1.076194525
12-09-2016,1159.400024,51.5,16.89699936,2259.530029,1.062134862
12-12-2016,1163.5,52.83000183,17.11599922,2256.959961,1.054741144
01-03-2017,1160.400024,52.33000183,16.3560009,2257.830078,1.046003222
01-04-2017,1163.800049,53.25999832,16.49900055,2270.75,1.041992307
01-05-2017,1179.699951,53.75999832,16.58399963,2269,1.05008924
01-06-2017,1171.900024,53.99000168,16.4659996,2276.97998,1.060591578
01-09-2017,1183.5,51.95999908,16.62999916,2268.899902,1.053185821
01-10-2017,1184.199951,50.81999969,16.8029995,2268.899902,1.05886209
01-11-2017,1195.599976,52.25,16.78300095,2275.320068,1.055241942
01-12-2017,1198.900024,53.00999832,16.78000069,2270.439941,1.059771061
02-01-2017,1205.599976,53.88000107,17.42000008,2279.550049,1.080380321
02-02-2017,1216.699951,53.54000092,17.40200043,2280.850098,1.076739192
02-03-2017,1218.5,53.83000183,17.45299911,2297.419922,1.076171398
02-06-2017,1230,53.00999832,17.66699982,2292.560059,1.078294992
02-07-2017,1234.199951,52.16999817,17.7329998,2293.080078,1.074321628
02-08-2017,1237.599976,52.34000015,17.68300056,2294.669922,1.067805648
02-09-2017,1235.099976,53,17.71999931,2307.870117,1.069221377
02-10-2017,1234.400024,53.86000061,17.91200066,2316.100098,1.065859437
03-01-2017,1248.900024,53.83000183,18.44300079,2395.959961,1.056914806
03-02-2017,1231.900024,52.61000061,17.70499992,2381.919922,1.053585291
03-03-2017,1225.5,53.33000183,17.6970005,2383.120117,1.050972104
03-06-2017,1224.5,53.20000076,17.72500038,2375.310059,1.062044621
03-07-2017,1215.099976,53.13999939,17.49200058,2368.389893,1.057921171
03-08-2017,1208.5,50.27999878,17.25699997,2362.97998,1.057015419
03-09-2017,1202.400024,49.27999878,16.99300003,2364.870117,1.054741144
03-10-2017,1200.699951,48.49000168,16.88299942,2372.600098,1.057842851
04-03-2017,1250.800049,50.24000168,18.19099998,2358.840088,1.066882968
04-04-2017,1255,51.02999878,18.30200005,2360.159912,1.067008138
04-05-2017,1245.400024,51.15000153,18.16600037,2352.949951,1.068033814
04-06-2017,1250.300049,51.70000076,18.22500038,2357.48999,1.067247272
04-07-2017,1254.300049,52.24000168,18.12999916,2355.540039,1.064463973
04-10-2017,1251.099976,53.08000183,17.8939991,2357.159912,1.058201075
04-11-2017,1271.199951,53.40000153,18.2329998,2353.780029,1.059759855
04-12-2017,1275.300049,53.11000061,18.27899933,2344.929932,1.061131835
05-01-2017,1253.300049,48.84000015,16.78000069,2388.330078,1.090750456
05-02-2017,1255.099976,47.65999985,16.7689991,2391.169922,1.090893269
05-03-2017,1246.400024,47.81999969,16.48699951,2388.129883,1.093565464
05-04-2017,1226.5,45.52000046,16.24399948,2389.52002,1.088897586
05-05-2017,1224.800049,46.22000122,16.21500015,2399.290039,1.098152995
05-08-2017,1225.300049,46.43000031,16.1989994,2399.379883,1.096515298
05-09-2017,1214.300049,45.88000107,16.00799942,2396.919922,1.092776775
05-10-2017,1217.300049,47.33000183,16.15099907,2399.629883,1.088684201
05-11-2017,1222.699951,47.83000183,16.20899963,2394.439941,1.087074637
05-12-2017,1226.199951,47.84000015,16.34600067,2390.899902,1.086495876
06-01-2017,1267,48.36000061,17.24300003,2430.060059,1.124353528
06-02-2017,1276.800049,47.65999985,17.48699951,2439.070068,1.12157917
06-05-2017,1279.300049,47.40000153,17.54700089,2436.100098,1.128082514
06-06-2017,1294.400024,48.18999863,17.67700005,2429.330078,1.125682473
06-07-2017,1290.099976,45.72000122,17.58699989,2433.139893,1.127141595
06-08-2017,1276.300049,45.63999939,17.38400078,2433.790039,1.125517726
06-09-2017,1268.5,45.83000183,17.19300079,2431.77002,1.118480563
06-12-2017,1266.099976,46.08000183,16.91399956,2429.389893,1.120197177
07-03-2017,1217.900024,47.06999969,16.03700066,2429.01001,1.142308831
07-05-2017,1220.400024,45.13000107,15.84200001,2432.540039,1.136015058
07-06-2017,1222.199951,45.52000046,15.92700005,2409.75,1.134687424
07-07-2017,1208.599976,44.22999954,15.37100029,2425.179932,1.142478466
07-10-2017,1212.099976,44.40000153,15.57699966,2427.429932,1.140380859
07-12-2017,1218.099976,45.49000168,15.83899975,2443.25,1.1473943
08-01-2017,1272.599976,49.15999985,16.72800064,2476.350098,1.182410479
08-02-2017,1271.800049,49.59000015,16.6970005,2477.570068,1.181125641
08-03-2017,1267.800049,49.02999878,16.59399986,2472.159912,1.18511498
08-04-2017,1258.300049,49.58000183,16.22200012,2476.830078,1.188495278
08-07-2017,1258.199951,49.38999939,16.22100067,2480.909912,1.177842498
08-08-2017,1256.400024,49.16999817,16.36000061,2474.919922,1.180094123
08-09-2017,1273,49.56000137,16.83399963,2474.02002,1.175461054
08-10-2017,1283.699951,48.59000015,17.0359993,2438.209961,1.176152349
08-11-2017,1287.699951,48.81999969,17.04100037,2441.320068,1.177024484
09-01-2017,1324.5,47.29000092,17.71899986,2476.550049,1.191043258
09-05-2017,1339.199951,48.65999985,17.84499931,2457.850098,1.189343452
09-06-2017,1333.900024,49.15999985,17.81599998,2465.540039,1.192406774
09-07-2017,1345.099976,49.09000015,18.01600075,2465.100098,1.192776561
09-08-2017,1346,47.47999954,18.02700043,2461.429932,1.202906251
09-11-2017,1331,48.06999969,17.80699921,2488.110107,1.201764226
09-12-2017,1328,48.22999954,17.79500008,2496.47998,1.195943356
10-02-2017,1272.699951,50.58000183,16.58499908,2529.120117,1.180735111
10-03-2017,1271.5,50.41999817,16.58099937,2534.580078,1.173378348
10-04-2017,1273.699951,49.97999954,16.56299973,2537.73999,1.174756885
10-05-2017,1269.900024,50.79000092,16.58200073,2552.070068,1.175723672
10-06-2017,1271.599976,49.29000092,16.73399925,2549.330078,1.171234488
10-09-2017,1281.800049,49.58000183,16.91600037,2544.72998,1.17424643
10-10-2017,1290.599976,50.91999817,17.15500069,2550.639893,1.174163699
10-11-2017,1285.800049,51.29999924,17.08099937,2555.23999,1.181488395
10-12-2017,1293.300049,50.59999847,17.21100044,2550.929932,1.186549306
11-01-2017,1274.099976,54.29999924,17.13199997,2579.360107,1.1651752
11-02-2017,1274.900024,54.54000092,17.09399986,2579.850098,1.162871838
11-03-2017,1266.5,55.63999939,16.79400063,2587.840088,1.16618073
11-06-2017,1279.400024,57.34999847,17.19499969,2591.129883,1.161494136
11-07-2017,1273.699951,57.20000076,16.90500069,2590.639893,1.161264896
11-08-2017,1281.599976,56.81000137,17.1060009,2594.379883,1.160106301
11-09-2017,1285.599976,57.16999817,16.94300079,2584.620117,1.159689188
11-10-2017,1272.400024,56.74000168,16.84399986,2582.300049,1.16468668
12-01-2017,1278.800049,58.36000061,16.29700089,2642.219971,1.189824581
12-04-2017,1274.300049,57.47000122,16.2840004,2639.439941,1.1859864
12-05-2017,1261.599976,57.61999893,15.97299957,2629.570068,1.186774611
12-06-2017,1262.800049,55.95999908,15.86800003,2629.27002,1.183291912
12-07-2017,1249.800049,56.68999863,15.71500015,2636.97998,1.180428505
12-08-2017,1245.199951,57.36000061,15.73600006,2651.5,1.177218437
12-11-2017,1243.699951,57.99000168,15.69699955,2659.98999,1.176996827
12-12-2017,1238.5,57.13999939,15.58199978,2664.110107,1.177759171
01-02-2018,1313.699951,60.36999893,17.12100029,2695.810059,1.201157928
01-03-2018,1316.199951,61.63000107,17.18499947,2713.060059,1.206345439
01-04-2018,1319.400024,62.00999832,17.18899918,2723.98999,1.201042533
01-05-2018,1320.300049,61.43999863,17.20499992,2743.149902,1.206884027
01-08-2018,1318.599976,61.72999954,17.06399918,2747.709961,1.20374608
01-09-2018,1311.699951,62.95999908,16.93600082,2751.290039,1.197045684
01-10-2018,1317.400024,63.56999969,16.96299934,2748.22998,1.192933083
01-11-2018,1320.599976,63.79999924,16.8939991,2767.560059,1.195614457
01-12-2018,1333.400024,64.30000305,17.06900024,2786.23999,1.204209924
02-01-2018,1344.300049,65.80000305,17.11800003,2821.97998,1.241865873
02-02-2018,1333.699951,65.44999695,16.6760006,2762.129883,1.251000881
02-05-2018,1333,64.15000153,16.63899994,2648.939941,1.244694471
02-06-2018,1326.099976,63.38999939,16.54800034,2695.139893,1.236781836
02-07-2018,1311.599976,61.79000092,16.20599937,2681.659912,1.238129497
02-08-2018,1316.900024,61.15000153,16.31399918,2581,1.226813316
02-09-2018,1313.099976,59.20000076,16.11599922,2619.550049,1.226076245
02-12-2018,1324.199951,59.29000092,16.54800034,2656,1.225279927
03-01-2018,1302.900024,60.99000168,16.20000076,2677.669922,1.219125628
03-02-2018,1321.099976,61.25,16.3920002,2691.25,1.227084279
03-05-2018,1318.099976,62.56999969,16.33799934,2720.939941,1.23154223
03-06-2018,1333.599976,62.59999847,16.71500015,2728.120117,1.233654141
03-07-2018,1326,61.15000153,16.4279995,2726.800049,1.241665363
03-08-2018,1319.900024,60.11999893,16.43600082,2738.969971,1.241464972
03-09-2018,1322.400024,62.04000092,16.54599953,2786.570068,1.2306633
03-12-2018,1319.400024,61.36000061,16.47100067,2783.02002,1.230875254
04-02-2018,1342.099976,63.00999832,16.62700081,2581.879883,1.231420875
04-03-2018,1332.800049,63.50999832,16.34700012,2614.449951,1.229271412
04-04-2018,1335.800049,63.36999893,16.20899963,2644.689941,1.227852583
04-05-2018,1324.300049,63.54000092,16.31999969,2662.840088,1.22868228
04-06-2018,1331.900024,62.06000137,16.33200073,2604.469971,1.225159883
04-09-2018,1336.300049,63.41999817,16.49900055,2613.159912,1.22714448
04-10-2018,1342,65.51000214,16.56599998,2656.870117,1.232240319
04-11-2018,1356.5,66.81999969,16.73800087,2642.189941,1.236307859
04-12-2018,1338.400024,67.06999969,16.44300079,2663.98999,1.237164378
05-01-2018,1303.800049,67.25,16.03899956,2654.800049,1.208123446
05-02-2018,1302.599976,67.93000031,16.29100037,2635.669922,1.199155807
05-03-2018,1310.699951,68.43000031,16.36199951,2629.72998,1.195100188
05-04-2018,1312.699951,69.72000122,16.43400002,2663.419922,1.198925734
05-07-2018,1312.199951,70.73000336,16.41300011,2672.629883,1.195500135
05-08-2018,1312,69.05999756,16.38800049,2671.919922,1.193374395
05-09-2018,1311.300049,71.13999939,16.45800018,2697.790039,1.186788678
05-10-2018,1320.800049,71.36000061,16.68000031,2723.070068,1.184721828
05-11-2018,1319,70.69999695,16.6760006,2727.719971,1.19175303
06-01-2018,1294.800049,65.80999756,16.38800049,2734.620117,1.169317126
06-04-2018,1293.099976,64.75,16.37899971,2746.870117,1.166861176
06-05-2018,1297.5,65.51999664,16.49099922,2748.800049,1.170055985
06-06-2018,1297.099976,64.73000336,16.6420002,2772.350098,1.172621608
06-07-2018,1298.699951,65.94999695,16.76600075,2770.370117,1.178550363
06-08-2018,1298.099976,65.73999786,16.69400024,2779.030029,1.179523468
06-11-2018,1298.900024,66.09999847,16.90500069,2782,1.178397655
06-12-2018,1295.099976,66.36000061,16.84900093,2786.850098,1.17741251
07-02-2018,1239.800049,73.94000244,15.74400043,2726.709961,1.167855859
07-03-2018,1251.599976,74.13999939,15.95199966,2713.219971,1.164212108
07-05-2018,1257.300049,72.94000244,16.00799942,2736.610107,1.166235089
07-06-2018,1254.300049,73.80000305,15.98099995,2759.820068,1.169590592
07-09-2018,1258.099976,73.84999847,16.0529995,2784.169922,1.175226212
07-10-2018,1253.800049,74.11000061,16.00300026,2793.840088,1.175696015
07-11-2018,1242.800049,70.37999725,15.73200035,2774.02002,1.17270422
07-12-2018,1245,70.33000183,15.89799976,2798.290039,1.167678595
08-01-2018,1217.900024,67.66000366,15.39400005,2813.360107,1.168961763
08-02-2018,1210.599976,68.95999908,15.32900047,2827.219971,1.166588902
08-03-2018,1214.199951,68.48999786,15.40600014,2840.350098,1.158600807
08-06-2018,1208.599976,69.01000214,15.29199982,2850.399902,1.156229734
08-07-2018,1209.599976,69.16999817,15.31700039,2858.449951,1.155802131
08-08-2018,1212.599976,66.94000244,15.3760004,2857.699951,1.160294652
08-09-2018,1211.900024,66.80999756,15.41899967,2853.580078,1.161076069
08-10-2018,1211.099976,67.62999725,15.26599979,2833.280029,1.152392387
09-04-2018,1192.699951,69.87000275,14.06099987,2896.719971,1.161548138
09-05-2018,1194.900024,68.72000122,14.11800003,2888.600098,1.158654571
09-06-2018,1197.900024,67.76999664,14.07499981,2878.050049,1.16352129
09-07-2018,1193.599976,67.75,14.06700039,2871.679932,1.162006974
09-10-2018,1193,67.54000092,14.07900047,2877.129883,1.156109452
09-11-2018,1195.400024,69.25,14.05200005,2887.889893,1.159595013
09-12-2018,1204.699951,70.37000275,14.19200039,2888.919922,1.159608483
10-01-2018,1187.099976,75.30000305,14.42199993,2924.590088,1.160537124
10-02-2018,1202.400024,75.23000336,14.60999966,2923.429932,1.157755733
10-03-2018,1198.300049,76.41000366,14.59000015,2925.51001,1.155174613
10-04-2018,1197.199951,74.33000183,14.51000023,2901.610107,1.147631288
10-05-2018,1201.199951,74.33999634,14.56900024,2885.570068,1.151808381
10-08-2018,1184.400024,74.29000092,14.25899982,2884.429932,1.152259588
10-09-2018,1187.199951,74.95999908,14.32900047,2880.340088,1.149412036
10-10-2018,1189.300049,73.16999817,14.25500011,2785.679932,1.150694966
10-11-2018,1223.5,70.97000122,14.53499985,2728.370117,1.153336048
10-12-2018,1218.099976,71.33999634,14.56400013,2767.129883,1.159044027
11-01-2018,1236,63.68999863,14.72900009,2740.370117,1.13166976
11-02-2018,1230.900024,63.13999939,14.70699978,2723.060059,1.140328884
11-05-2018,1229.800049,63.09999847,14.60400009,2738.310059,1.139757037
11-06-2018,1223.800049,62.20999908,14.45800018,2755.449951,1.141291857
11-07-2018,1226.199951,61.66999817,14.52799988,2813.889893,1.143850684
11-08-2018,1222.900024,60.66999817,14.38599968,2806.830078,1.143405914
11-09-2018,1206.400024,60.18999863,14.10299969,2781.01001,1.136841536
11-12-2018,1201.300049,59.93000031,13.97399998,2726.219971,1.132502794
12-03-2018,1233.900024,52.95000076,14.38099957,2790.370117,1.134224057
12-04-2018,1241.099976,53.25,14.52099991,2700.060059,1.135486126
12-06-2018,1238.099976,51.49000168,14.39000034,2695.949951,1.134906292
12-07-2018,1246.800049,52.61000061,14.57199955,2633.080078,1.137475252
12-10-2018,1243.699951,51,14.47799969,2637.719971,1.140094876
12-11-2018,1241.900024,51.65000153,14.4989996,2636.780029,1.135653853
12-12-2018,1244.400024,51.15000153,14.72500038,2651.070068,1.13231051
01-02-2019,1281,46.54000092,15.54199982,2510.030029,1.146171212
01-03-2019,1291.800049,47.09000015,15.70600033,2447.889893,1.131810665
01-04-2019,1282.699951,47.95999908,15.69499969,2531.939941,1.139107823
01-07-2019,1286.800049,48.52000046,15.66899967,2549.689941,1.141044497
01-08-2019,1283.199951,49.77999878,15.6260004,2574.409912,1.147973776
01-09-2019,1289.300049,52.36000061,15.65299988,2584.959961,1.145606637
01-10-2019,1284.699951,52.59000015,15.56099987,2596.639893,1.155494928
01-11-2019,1287.099976,51.59000015,15.57699966,2596.26001,1.151012897
02-01-2019,1316.900024,55.25999832,15.88000011,2706.530029,1.144950747
02-04-2019,1314.300049,54.56000137,15.83699989,2724.870117,1.14552784
02-05-2019,1314.199951,53.65999985,15.78999996,2737.699951,1.143628359
02-06-2019,1309.5,54.00999832,15.65600014,2731.610107,1.140992522
02-07-2019,1309.400024,52.63999939,15.67500019,2706.050049,1.136596084
02-08-2019,1313.699951,52.72000122,15.77299976,2707.879883,1.133876801
02-11-2019,1307,52.40999985,15.65699959,2709.800049,1.132425904
02-12-2019,1309.199951,53.09999847,15.65999985,2744.72998,1.127904296
03-01-2019,1296.400024,55.79999924,15.16899967,2803.689941,1.13734591
03-04-2019,1284.800049,56.59000015,15.0170002,2792.810059,1.13759172
03-05-2019,1282,56.56000137,15.02000046,2789.649902,1.133735418
03-06-2019,1284.900024,56.22000122,15.00300026,2771.449951,1.130710125
03-07-2019,1283.800049,56.65999985,14.96000004,2748.929932,1.131400943
03-08-2019,1297,56.06999969,15.27200031,2743.070068,1.11983335
03-11-2019,1288.800049,56.79000092,15.19699955,2783.300049,1.12324214
03-12-2019,1296.300049,56.86999893,15.3380003,2791.52002,1.125923276
04-01-2019,1288.400024,61.59000015,15.05099964,2867.189941,1.122384906
04-02-2019,1290,62.58000183,15.01799965,2867.23999,1.120573759
04-03-2019,1289.900024,62.45999908,15.05900002,2873.399902,1.120385408
04-04-2019,1289,62.09999847,15.04100037,2879.389893,1.124694943
04-05-2019,1290.400024,63.08000183,15.04300022,2892.73999,1.122586489
04-08-2019,1297.099976,64.40000153,15.17300034,2895.77002,1.121956706
04-09-2019,1303.5,63.97999954,15.16800022,2878.199951,1.125644445
04-10-2019,1309.099976,64.61000061,15.20100021,2888.209961,1.126697063
04-11-2019,1288.599976,63.58000183,14.82400036,2888.320068,1.127650023
04-12-2019,1290.599976,63.88999939,14.92000008,2907.409912,1.126075387
05-01-2019,1281.400024,63.59999847,14.64500046,2923.72998,1.121604323
05-02-2019,1269.699951,61.81000137,14.53999996,2917.52002,1.120084167
05-03-2019,1279.199951,61.93999863,14.90699959,2945.639893,1.117355943
05-06-2019,1281.699951,62.25,14.85700035,2932.469971,1.118580818
05-07-2019,1283.5,61.40000153,14.85999966,2884.050049,1.12018466
05-08-2019,1279.400024,62.11999893,14.79199982,2879.419922,1.119106531
05-09-2019,1283.5,61.70000076,14.70699978,2870.719971,1.11983335
05-10-2019,1285.699951,61.65999985,14.72599983,2881.399902,1.122208476
06-03-2019,1322.699951,53.25,14.70300007,2744.449951,1.117405772
06-04-2019,1323.400024,53.47999954,14.73200035,2803.27002,1.124631643
06-05-2019,1328.300049,51.68000031,14.75399971,2826.149902,1.125403762
06-06-2019,1337.599976,52.59000015,14.86800003,2843.48999,1.122901559
06-07-2019,1341.199951,53.99000168,14.99400043,2873.340088,1.127650023
06-10-2019,1324.699951,53.25999832,14.60499954,2886.72998,1.132015705
06-11-2019,1326.400024,53.27000046,14.70600033,2885.719971,1.131810665
06-12-2019,1331.900024,51.13999939,14.72200012,2879.840088,1.132951856
07-01-2019,1385.599976,59.09000015,15.10599995,2964.330078,1.136492848
07-02-2019,1404.599976,56.25,15.15400028,2973.01001,1.128744602
07-03-2019,1417.699951,57.34000015,15.25199986,2995.820068,1.129305482
07-05-2019,1396.699951,57.50999832,14.91800022,2990.409912,1.128579021
07-08-2019,1397,57.65999985,14.97200012,2975.949951,1.122737646
07-09-2019,1397.5,57.83000183,15.06799984,2979.629883,1.121604323
07-10-2019,1410.099976,60.43000031,15.14700031,2993.070068,1.120824933
07-11-2019,1404.300049,60.20000076,15.06700039,2999.909912,1.125885248
07-12-2019,1409.900024,60.20999908,15.16100025,3013.77002,1.125239134
08-01-2019,1420.900024,53.95000076,16.12100029,2953.560059,1.107174516
08-02-2019,1445.599976,55.65999985,16.22200012,2932.050049,1.107885957
08-05-2019,1464.599976,54.68999863,16.34499931,2844.73999,1.110802531
08-06-2019,1472.400024,53.63000107,16.40500069,2881.77002,1.1243788
08-07-2019,1507.300049,51.09000015,17.15600014,2883.97998,1.120699286
08-08-2019,1497.699951,52.54000092,16.90099907,2938.090088,1.120435596
08-09-2019,1496.599976,54.5,16.89699936,2918.649902,1.118718386
08-12-2019,1505.300049,54.93000031,17.03899956,2882.699951,1.120849967
09-03-2019,1545.900024,53.93999863,19.07900047,2906.27002,1.096852064
09-04-2019,1550.300049,56.25999832,19.39100075,2937.780029,1.097453952
09-05-2019,1515.400024,56.29999924,18.65600014,2976,1.103497028
09-06-2019,1506.199951,56.52000046,17.96800041,2978.709961,1.10363102
09-09-2019,1502.199951,57.84999847,18.0189991,2978.429932,1.102061987
09-10-2019,1490.300049,57.40000153,18.04100037,2979.389893,1.104838133
09-11-2019,1494.400024,55.75,18.03100014,3000.929932,1.105033398
09-12-2019,1498.699951,55.09000015,18.04100037,3009.570068,1.101345778
10-01-2019,1482,53.61999893,17.20199966,2940.25,1.089965701
10-02-2019,1501,52.63999939,17.59199905,2887.610107,1.0934937
10-03-2019,1507.099976,52.45000076,17.58499908,2910.629883,1.096370935
10-04-2019,1506.199951,52.81000137,17.54000092,2952.01001,1.097538233
10-07-2019,1497.699951,52.75,17.45700073,2938.790039,1.098659635
10-08-2019,1497.199951,52.63000107,17.61700058,2893.060059,1.09721303
10-09-2019,1506.099976,52.59000015,17.72800064,2919.399902,1.096010566
10-10-2019,1494.800049,53.54999924,17.52000046,2938.129883,1.098780394
10-11-2019,1482.699951,54.70000076,17.46199989,2970.27002,1.101103306
11-01-2019,1508,56.20000076,18.00399971,3066.909912,1.115710258
11-04-2019,1508,56.54000092,18.01399994,3078.27002,1.116657138
11-05-2019,1480.800049,57.22999954,17.51600075,3074.620117,1.1128546
11-06-2019,1490.199951,56.34999847,17.55800056,3076.780029,1.107419729
11-07-2019,1464.199951,57.15000153,16.96999931,3085.179932,1.10703969
11-08-2019,1461.300049,57.24000168,16.78300095,3093.080078,1.101969719
11-11-2019,1455.5,56.86000061,16.76199913,3087.01001,1.102244258
11-12-2019,1452.099976,56.79999924,16.67700005,3091.840088,1.103545666
12-02-2019,1462.300049,55.95999908,16.83600044,3113.870117,1.101904154
12-03-2019,1478.199951,56.09999847,17.125,3093.199951,1.107910514
12-04-2019,1474,58.43000031,16.79700089,3112.76001,1.108524561
12-05-2019,1476.900024,58.43000031,16.94199944,3117.429932,1.108303428
12-06-2019,1459.099976,59.20000076,16.4810009,3145.909912,1.110543489
12-09-2019,1459.300049,59.02000046,16.53199959,3135.959961,1.105888844
12-10-2019,1462.599976,59.24000168,16.59600067,3132.52002,1.106499434
12-11-2019,1469.400024,58.75999832,16.74399948,3141.629883,1.109274626
12-12-2019,1466.699951,59.18000031,16.84499931,3168.570068,1.113585711
01-02-2020,1524.5,61.18000031,17.9659996,3257.850098,1.122082591
01-03-2020,1549.199951,63.04999924,18.06800079,3234.850098,1.11714375
01-06-2020,1566.199951,63.27000046,18.09700012,3246.280029,1.116196036
01-07-2020,1571.800049,62.70000076,18.31599998,3237.179932,1.119799495
01-08-2020,1557.400024,59.61000061,18.08799934,3253.050049,1.115473866
01-09-2020,1551.699951,59.56000137,17.86000061,3274.699951,1.111321092
01-10-2020,1557.5,59.04000092,18.03300095,3265.350098,1.111111164
02-03-2020,1577.199951,50.11000061,17.63999939,3248.919922,1.108979464
02-04-2020,1550.400024,49.61000061,17.52799988,3297.590088,1.106292605
02-05-2020,1557.800049,50.75,17.56900024,3334.689941,1.104728222
02-06-2020,1565.099976,50.95000076,17.78899956,3345.780029,1.100231051
02-07-2020,1568.599976,50.31999969,17.66500092,3327.709961,1.098297596
02-10-2020,1574.699951,49.56999969,17.75799942,3352.090088,1.09493053
02-11-2020,1565.599976,49.93999863,17.57299995,3357.75,1.091345668
02-12-2020,1567.400024,51.16999817,17.47800064,3379.449951,1.091941476
03-02-2020,1592.300049,46.75,16.67900085,3090.22998,1.105131149
03-03-2020,1642.099976,47.18000031,17.12899971,3003.370117,1.114404798
03-04-2020,1641.099976,46.77999878,17.18700027,3130.120117,1.11806798
03-05-2020,1666.400024,45.90000153,17.34199905,3023.939941,1.113908291
03-06-2020,1670.800049,41.27999878,17.2140007,2972.370117,1.122384906
03-09-2020,1674.5,31.12999916,17.00099945,2746.560059,1.138602018
03-10-2020,1659.099976,34.36000061,16.90600014,2882.22998,1.139796019
03-11-2020,1641.400024,32.97999954,16.72900009,2741.379883,1.131650567
03-12-2020,1589.300049,31.5,15.96100044,2480.639893,1.126151562
04-01-2020,1578.199951,20.30999947,13.92599964,2470.5,1.102657437
04-02-2020,1625.699951,25.31999969,14.59599972,2526.899902,1.095362186
04-03-2020,1633.699951,28.34000015,14.43599987,2488.649902,1.084739923
04-06-2020,1677,26.07999992,15.11100006,2663.679932,1.08069551
04-07-2020,1664.800049,23.62999916,15.42199993,2659.409912,1.080380321
04-08-2020,1665.400024,25.09000015,15.14700031,2749.97998,1.089514494
04-09-2020,1736.199951,22.76000023,15.99499989,2789.820068,1.086366177
05-01-2020,1694.5,19.78000069,14.86299992,2830.709961,1.094546914
05-04-2020,1706.900024,20.38999939,14.72200012,2842.73999,1.095962524
05-05-2020,1704.400024,24.55999947,15.05700016,2868.439941,1.090429306
05-06-2020,1684.199951,23.98999977,14.98700047,2848.419922,1.083858132
05-07-2020,1721.800049,23.54999924,15.56200027,2881.189941,1.079855323
05-08-2020,1709.900024,24.73999977,15.73999977,2929.800049,1.083717108
05-11-2020,1695.300049,24.13999939,15.63599968,2930.189941,1.083952069
05-12-2020,1704.400024,25.78000069,15.68700027,2870.120117,1.080940843
06-01-2020,1737.800049,35.43999863,18.76799965,3055.72998,1.111852407
06-02-2020,1725.199951,36.81000137,18.20700073,3080.820068,1.112594604
06-03-2020,1697.800049,37.29000092,17.92099953,3122.870117,1.118943691
06-04-2020,1718.900024,37.40999985,18.02400017,3112.350098,1.123595476
06-05-2020,1676.199951,39.54999924,17.44300079,3193.929932,1.133786798
06-08-2020,1698.300049,38.18999863,17.86800003,3232.389893,1.131951571
06-09-2020,1714.699951,38.93999863,17.77400017,3207.179932,1.130556703
06-10-2020,1713.300049,39.59999847,17.77599907,3190.139893,1.133221507
06-11-2020,1732,36.34000015,17.86899948,3002.100098,1.136544466
06-12-2020,1729.300049,36.25999832,17.46199989,3041.310059,1.12880826
07-01-2020,1773.199951,39.81999969,18.13299942,3115.860107,1.123595476
07-02-2020,1784,40.65000153,18.24399948,3130.01001,1.125137806
07-06-2020,1788.5,40.63000107,18.50399971,3179.719971,1.124720216
07-07-2020,1804.199951,40.61999893,18.62800026,3145.320068,1.131285667
07-08-2020,1815.5,40.90000153,19.08099937,3169.939941,1.127522826
07-09-2020,1799.199951,39.61999893,18.88199997,3152.050049,1.133915424
07-10-2020,1798.199951,40.54999924,18.9829998,3185.040039,1.128795505
08-03-2020,1966,41.00999832,24.38999939,3294.610107,1.178231001
08-04-2020,2001.199951,41.70000076,26.01199913,3306.51001,1.176332235
08-05-2020,2031.099976,42.18999863,26.87700081,3327.77002,1.181544304
08-06-2020,2051.5,41.95000076,28.38699913,3349.159912,1.187281847
08-07-2020,2010.099976,41.22000122,27.53300095,3351.280029,1.187648416
08-10-2020,2024.400024,41.93999863,29.24900055,3360.469971,1.178272724
08-11-2020,1932.599976,41.61000061,26.03700066,3333.689941,1.173777819
08-12-2020,1934.900024,42.66999817,25.95499992,3380.350098,1.173653841
09-01-2020,1968.199951,42.75999832,28.48600006,3526.649902,1.193901539
09-02-2020,1934.400024,41.50999832,27.24900055,3580.840088,1.19232142
09-03-2020,1927.599976,41.36999893,26.73500061,3455.060059,1.184735894
09-04-2020,1923.900024,39.77000046,26.57600021,3426.959961,1.183978438
09-08-2020,1933,36.75999832,26.86400032,3331.840088,1.182172775
09-09-2020,1944.699951,38.04999924,26.95499992,3398.959961,1.177024484
09-10-2020,1954.199951,37.29999924,27.16300011,3339.189941,1.180637598
09-11-2020,1937.800049,37.33000183,26.73900032,3340.969971,1.182438493
10-01-2020,1908.400024,38.72000122,24.19300079,3380.800049,1.172607899
10-02-2020,1900.199951,37.04999924,23.97100067,3348.419922,1.174494624
10-05-2020,1912.5,39.22000122,24.50200081,3408.600098,1.172044396
10-06-2020,1901.099976,40.66999817,23.87000084,3360.969971,1.179245353
10-07-2020,1883.599976,39.95000076,23.84799957,3419.439941,1.17376399
10-08-2020,1888.599976,41.18999863,23.83699989,3446.830078,1.176747441
10-09-2020,1919.5,40.59999847,25.06900024,3477.139893,1.176700354
10-12-2020,1922.5,39.43000031,25.22599983,3534.219971,1.181683898
11-02-2020,1890.400024,36.81000137,24.00600052,3310.23999,1.164212108
11-03-2020,1908.5,37.65999985,24.30500031,3369.159912,1.164279938
11-04-2020,1894.599976,39.15000153,23.86400032,3443.439941,1.17622149
11-05-2020,1945.300049,38.79000092,25.17099953,3510.449951,1.173268199
11-06-2020,1950.300049,37.13999939,25.64599991,3509.439941,1.181753755
11-09-2020,1853.199951,40.29000092,23.68499947,3550.5,1.189301014
11-10-2020,1875.400024,41.36000061,24.44599915,3545.530029,1.182732105
11-11-2020,1860.699951,41.45000076,24.25099945,3572.659912,1.181879401
11-12-2020,1872.599976,41.11999893,24.29000092,3537.01001,1.178029776
12-01-2020,1814.099976,44.54999924,24.03300095,3662.449951,1.193816066
12-02-2020,1825.699951,45.27999878,24.02499962,3669.01001,1.207437873
12-03-2020,1836.800049,45.63999939,24.08699989,3666.719971,1.211460352
12-04-2020,1835.900024,46.25999832,24.20299911,3699.120117,1.214565039
12-07-2020,1861.800049,45.75999832,24.74099922,3691.959961,1.212135911
12-08-2020,1870.800049,45.59999847,24.68400002,3702.25,1.211313605
12-09-2020,1834.599976,45.52000046,23.93000031,3672.820068,1.211093664
12-10-2020,1833.599976,46.77999878,24.03100014,3668.100098,1.207875371
12-11-2020,1839.800049,46.56999969,24.03199959,3663.459961,1.214429379
01-04-2021,1944.699951,47.61999893,27.2840004,3700.649902,1.225069761
01-05-2021,1952.699951,49.93000031,27.57099915,3726.860107,1.225159883
01-06-2021,1906.900024,50.63000107,26.97299957,3748.139893,1.230027437
01-07-2021,1912.300049,50.83000183,27.20000076,3803.790039,1.234110832
01-08-2021,1834.099976,52.24000168,24.58200073,3824.679932,1.22714448
01-11-2021,1849.599976,52.25,25.23900032,3799.610107,1.218620539
01-12-2021,1842.900024,53.20999908,25.38400078,3801.189941,1.216070175
02-01-2021,1860.800049,53.54999924,29.39800072,3773.860107,1.212385774
02-02-2021,1830.5,54.75999832,26.38400078,3826.310059,1.206869483
02-03-2021,1832.199951,55.68999863,26.87800026,3830.169922,1.203905463
02-04-2021,1788.900024,56.22999954,26.22299957,3871.73999,1.204238892
02-05-2021,1810.900024,56.84999847,27.01399994,3886.830078,1.196673155
02-08-2021,1831.900024,57.97000122,27.56999969,3915.590088,1.204877377
02-09-2021,1835.300049,58.36000061,27.39599991,3911.22998,1.205359578
02-10-2021,1840.599976,58.68000031,27.0739994,3909.879883,1.211999297
02-11-2021,1824.900024,58.24000168,27.04199982,3916.379883,1.212121248
02-12-2021,1821.599976,59.47000122,27.32299995,3934.830078,1.21315062
03-01-2021,1722.5,60.63999939,26.64699936,3901.820068,1.208956003
03-02-2021,1733.099976,59.75,26.85000038,3870.290039,1.205109596
03-03-2021,1715.300049,61.27999878,26.35700035,3819.719971,1.208546758
03-04-2021,1700.199951,63.83000183,25.43400002,3768.469971,1.205066085
03-05-2021,1698,66.08999634,25.25699997,3841.939941,1.196773529
03-08-2021,1677.699951,65.05000305,25.23999977,3821.350098,1.192563176
03-09-2021,1716.599976,64.01000214,26.14800072,3875.439941,1.185171127
03-10-2021,1721.5,64.44000244,26.10199928,3898.810059,1.189790606
03-11-2021,1722.300049,66.01999664,26.16200066,3939.340088,1.192605853
03-12-2021,1719.5,65.61000061,25.87999916,3943.340088,1.198609591
04-01-2021,1726.5,61.45000076,24.93499947,4019.870117,1.172883034
04-05-2021,1727,58.65000153,24.76300049,4077.909912,1.176816702
04-06-2021,1741.5,59.33000183,25.21199989,4073.939941,1.181893468
04-07-2021,1740.099976,59.77000046,25.2329998,4079.949951,1.187422872
04-08-2021,1756.800049,59.59999847,25.56900024,4097.169922,1.187366486
04-09-2021,1743.300049,59.31999969,25.31100082,4128.799805,1.191568494
04-12-2021,1731.199951,59.70000076,24.85300064,4127.990234,1.190051198
05-03-2021,1791.400024,64.48999786,26.94300079,4192.660156,1.202776074
05-04-2021,1775.800049,65.69000244,26.53899956,4164.660156,1.206127167
05-05-2021,1784.099976,65.62999725,26.50200081,4167.589844,1.20150435
05-06-2021,1815.5,64.70999908,27.46199989,4201.620117,1.200797319
05-07-2021,1831.099976,64.90000153,27.46199989,4232.600098,1.206854939
05-10-2021,1837.5,64.91999817,27.47900009,4188.430176,1.217107654
05-11-2021,1835.900024,65.27999878,27.65699959,4152.100098,1.214093208
05-12-2021,1822.599976,66.08000183,27.2310009,4063.040039,1.214450002
06-01-2021,1902.900024,67.72000122,28.08300018,4202.040039,1.22328651
06-02-2021,1907.5,68.83000183,28.18600082,4208.120117,1.221776962
06-03-2021,1871.199951,68.80999756,27.45999908,4192.850098,1.220986247
06-04-2021,1889.800049,69.62000275,27.87899971,4229.890137,1.213300705
06-07-2021,1896.800049,69.23000336,28.00099945,4226.52002,1.216841102
06-08-2021,1892.199951,70.05000305,27.71500015,4227.259766,1.219363451
06-09-2021,1893.199951,69.95999908,27.98500061,4219.549805,1.217285395
06-10-2021,1894.199951,70.29000092,28.01499939,4239.180176,1.218200445
06-11-2021,1877.400024,70.91000366,28.13100052,4247.439941,1.217255831
07-01-2021,1775.900024,75.23000336,26.07500076,4319.939941,1.185677052
07-02-2021,1782.599976,75.16000366,26.4810009,4352.339844,1.184623599
07-06-2021,1793.5,73.37000275,26.15399933,4343.540039,1.186380386
07-07-2021,1801.5,72.19999695,26.11000061,4358.129883,1.182452321
07-08-2021,1799.599976,72.94000244,25.96699905,4320.819824,1.179339886
07-09-2021,1810,74.55999756,26.21100044,4369.549805,1.184800386
07-12-2021,1805.5,74.09999847,26.21699905,4384.629883,1.187295914
08-02-2021,1818.099976,71.26000214,25.55699921,4387.160156,1.186704159
08-03-2021,1810.099976,70.55999756,25.56599998,4423.149902,1.187465072
08-04-2021,1810.5,68.15000153,25.44599915,4402.660156,1.18694365
08-05-2021,1805.099976,69.08999634,25.27700043,4429.100098,1.183740139
08-06-2021,1760,68.27999878,24.31200027,4436.52002,1.183572054
08-09-2021,1723.400024,66.48000336,23.25499916,4432.350098,1.174950004
08-10-2021,1728.800049,68.29000092,23.37700081,4436.75,1.173846722
08-11-2021,1750.400024,69.25,23.47400093,4442.410156,1.172333002
08-12-2021,1749,69.08999634,23.10499954,4460.830078,1.174189925
09-01-2021,1813.099976,68.58999634,24.17700005,4524.089844,1.181028008
09-02-2021,1808.699951,69.98999786,23.875,4536.950195,1.184090614
09-03-2021,1830.900024,69.29000092,24.76199913,4535.430176,1.187648416
09-07-2021,1795.900024,68.34999847,24.33399963,4520.029785,1.187507391
09-08-2021,1790.699951,69.30000305,24.01199913,4514.069824,1.184356928
09-09-2021,1797.400024,68.13999939,24.13299942,4493.279785,1.181910157
09-10-2021,1789.599976,69.72000122,23.85499954,4458.580078,1.182592273
10-01-2021,1757,75.87999725,22.51000023,4357.040039,1.157447577
10-04-2021,1766.199951,77.62000275,22.61800003,4300.459961,1.160725713
10-05-2021,1759.599976,78.93000031,22.58200073,4345.720215,1.161844969
10-06-2021,1760.5,77.43000031,22.50600052,4363.549805,1.159608483
10-07-2021,1757.900024,78.30000305,22.63199997,4399.759766,1.155534983
10-08-2021,1756.300049,79.34999847,22.67900085,4391.339844,1.155975819
10-11-2021,1754.599976,80.51999664,22.63999939,4361.189941,1.156604171
10-12-2021,1758.300049,80.63999939,22.49099922,4350.649902,1.155374765
11-01-2021,1795.099976,84.05000305,24.06399918,4613.669922,1.155668497
11-02-2021,1788.699951,83.91000366,23.5,4630.649902,1.159958243
11-03-2021,1763.599976,80.86000061,23.22599983,4660.569824,1.157943487
11-04-2021,1793,78.80999756,23.90600014,4680.060059,1.161575079
11-05-2021,1816.400024,81.26999664,24.15200043,4697.529785,1.155534983
11-08-2021,1827.400024,81.93000031,24.53700066,4701.700195,1.156885147
11-09-2021,1830.199951,84.15000153,24.31299973,4685.25,1.159151554
11-10-2021,1847.599976,81.33999634,24.7670002,4646.709961,1.15955472
11-11-2021,1863.199951,81.58999634,25.3010006,4649.27002,1.148593545
11-12-2021,1867.900024,80.79000092,25.34399986,4682.850098,1.145081878
12-01-2021,1781.599976,65.56999969,22.29899979,4513.040039,1.133028984
12-02-2021,1760.699951,66.5,22.28000069,4577.100098,1.131951571
12-03-2021,1782,66.26000214,22.44499969,4538.430176,1.130620599
12-06-2021,1777.5,69.48999786,22.22800064,4591.669922,1.130479932
12-07-2021,1782.599976,72.05000305,22.48699951,4686.75,1.128668189
12-08-2021,1783.400024,72.36000061,22.38999939,4701.209961,1.127650023
12-09-2021,1774.599976,70.94000244,21.97400093,4667.450195,1.134558678
12-10-2021,1782.900024,71.66999817,22.15999985,4712.02002,1.129330993
01-03-2022,1799.400024,76.08000183,22.79000092,4796.560059,1.13734591
01-04-2022,1814,76.98999786,23.03800011,4793.540039,1.130224466
01-05-2022,1824.599976,77.84999847,23.14999962,4700.580078,1.128362536
01-06-2022,1788.699951,79.45999908,22.17399979,4696.049805,1.131349683
01-07-2022,1797,78.90000153,22.3939991,4677.029785,1.129688144
01-10-2022,1798.400024,78.23000336,22.44599915,4670.290039,1.135396004
01-11-2022,1818.599976,81.22000122,22.80599976,4713.069824,1.133041739
01-12-2022,1827.199951,82.63999939,23.20000076,4726.350098,1.13664782
02-01-2022,1800.300049,88.19999695,22.59600067,4546.540039,1.122964621
02-02-2022,1809.199951,88.26000214,22.71100044,4589.379883,1.12739563
02-03-2022,1803,90.26999664,22.375,4477.439941,1.129994631
02-04-2022,1806.599976,92.30999756,22.47500038,4500.529785,1.143575907
02-07-2022,1820.599976,91.31999969,23.07600021,4483.870117,1.145514727
02-08-2022,1826.599976,89.36000061,23.19499969,4521.540039,1.144295692
02-09-2022,1835.199951,89.66000366,23.33600044,4587.180176,1.142126203
02-10-2022,1836.199951,89.87999725,23.5189991,4504.080078,1.14215219
02-11-2022,1840.800049,93.09999847,23.36599922,4418.640137,1.141552567
03-01-2022,1942.400024,103.4100037,25.5340004,4306.259766,1.121591806
03-02-2022,1920.900024,110.5999985,25.18300056,4386.540039,1.113275886
03-03-2022,1934.400024,107.6699982,25.20499992,4363.490234,1.111234546
03-04-2022,1965.099976,115.6800003,25.78199959,4328.870117,1.106684446
03-07-2022,1993.900024,119.4000015,25.71299934,4201.089844,1.087453008
03-08-2022,2040.099976,123.6999969,26.88800049,4170.700195,1.086531281
03-09-2022,1985.900024,108.6999969,25.75699997,4277.879883,1.089823246
03-10-2022,1998.099976,106.0199966,26.20199966,4259.52002,1.107382894
03-11-2022,1982.699951,109.3300018,26.1060009,4204.310059,1.101394415
04-01-2022,1919.099976,99.26999664,24.6420002,4545.859863,1.107235789
04-04-2022,1929.199951,103.2799988,24.58399963,4582.640137,1.104728222
04-05-2022,1922.900024,101.9599991,24.52799988,4525.120117,1.097586393
04-06-2022,1918.400024,96.23000336,24.45499992,4481.149902,1.090643287
04-07-2022,1933.800049,96.02999878,24.7329998,4500.209961,1.089823246
04-08-2022,1941.599976,98.26000214,24.81900024,4488.279785,1.086484075
04-11-2022,1944.300049,94.29000092,24.97800064,4412.529785,1.088494658
04-12-2022,1972.099976,100.5999985,25.72500038,4397.450195,1.087795973
05-02-2022,1861.800049,105.1699982,22.54400063,4155.379883,1.053596497
05-03-2022,1868.800049,102.4100037,22.62100029,4175.47998,1.050905824
05-04-2022,1867,107.8099976,22.36199951,4300.169922,1.052853227
05-05-2022,1874,108.2600021,22.39999962,4146.870117,1.062247753
05-06-2022,1881.199951,109.7699966,22.32500076,4123.339844,1.053974032
05-09-2022,1857.099976,103.0899963,21.78199959,3991.23999,1.053219199
05-10-2022,1839.900024,99.76000214,21.38999939,4001.050049,1.056579828
05-11-2022,1852.599976,105.7099991,21.54999924,3935.179932,1.053296804
05-12-2022,1823.800049,106.1299973,20.75699997,3930.080078,1.051248312
06-01-2022,1843.300049,115.2600021,21.88400078,4101.22998,1.073410511
06-02-2022,1866.5,116.8700027,22.25399971,4176.819824,1.065416574
06-03-2022,1845.400024,118.8700027,21.88999939,4108.540039,1.075106978
06-06-2022,1839.199951,118.5,22.0739994,4121.430176,1.072604656
06-07-2022,1847.5,119.4100037,22.1590004,4160.680176,1.069141388
06-08-2022,1851.900024,122.1100006,22.0739994,4115.77002,1.069862008
06-09-2022,1848.800049,121.5100021,21.79700089,4017.820068,1.071765423
06-10-2022,1871.5,120.6699982,21.91300011,3900.860107,1.061920524
07-01-2022,1798.900024,108.4300003,19.59700012,3825.330078,1.047767758
07-05-2022,1761.800049,99.5,19.05200005,3831.389893,1.043318629
07-06-2022,1734.900024,98.52999878,19.08499908,3845.080078,1.025767326
07-07-2022,1737.900024,102.7300034,19.12199974,3902.620117,1.018641114
07-08-2022,1740.599976,104.7900009,19.16699982,3899.379883,1.016983628
07-11-2022,1730,104.0899963,19.06699944,3854.429932,1.016611457
07-12-2022,1723.300049,95.83999634,18.89900017,3818.800049,1.004752517
08-01-2022,1769,93.88999939,20.3220005,4118.629883,1.02082479
08-02-2022,1771.099976,94.41999817,20.10499954,4091.189941,1.026135683
08-03-2022,1758,90.66000366,19.86499977,4155.169922,1.015568733
08-04-2022,1788.5,88.54000092,20.09900093,4151.939941,1.015764594
08-05-2022,1772.900024,89.01000214,19.81900024,4145.189941,1.024779201
08-08-2022,1786.800049,90.76000214,20.59199905,4140.060059,1.017087102
08-09-2022,1794,90.5,20.45800018,4122.470215,1.019762993
08-10-2022,1795.599976,91.93000031,20.71800041,4210.240234,1.020814419
08-11-2022,1789.699951,94.33999634,20.32600021,4207.27002,1.030078292
08-12-2022,1798.599976,92.08999634,20.67700005,4280.149902,1.031672359
09-01-2022,1696.599976,86.61000061,17.5510006,3966.850098,1.003905177
09-02-2022,1709.800049,86.87000275,17.77599907,3924.26001,0.99523288
09-06-2022,1700.400024,86.87999725,17.79500008,3908.189941,0.995222986
09-07-2022,1715.300049,81.94000244,18.13699913,3979.870117,0.989795148
09-08-2022,1708,83.54000092,18.32999992,4006.179932,0.999570191
09-09-2022,1716.199951,86.79000092,18.65800095,4067.360107,1.00120151
09-12-2022,1728.099976,87.77999878,19.75499916,4110.410156,1.007140636
10-03-2022,1692.900024,83.62999725,20.5189991,3678.429932,0.979268849
10-04-2022,1721.099976,86.51999664,21.03700066,3790.929932,0.983206868
10-05-2022,1711.400024,87.76000214,20.47900009,3783.280029,0.998432457
10-06-2022,1711.699951,88.44999695,20.59499931,3744.52002,0.991099894
10-07-2022,1700.5,92.63999939,20.19199944,3639.659912,0.978904545
10-10-2022,1667.300049,91.12999725,19.55599976,3612.389893,0.973501265
10-11-2022,1678.699951,89.34999847,19.42700005,3588.840088,0.971005738
10-12-2022,1670.300049,87.26999664,18.87800026,3577.030029,0.970016778
11-01-2022,1645,88.37000275,19.67300034,3856.100098,0.988630772
11-02-2022,1645.699951,90,19.60000038,3759.689941,0.987790942
11-03-2022,1627.300049,88.16999817,19.43600082,3719.889893,0.981440902
11-04-2022,1672.5,92.61000061,20.79000092,3770.550049,0.974963009
11-07-2022,1676.5,91.79000092,20.89800072,3806.800049,0.99288106
11-08-2022,1712.099976,88.91000366,21.47699928,3828.110107,1.00186348
11-09-2022,1710.099976,85.83000183,21.29800034,3748.570068,1.008084774
11-10-2022,1750.300049,86.47000122,21.67700005,3956.370117,1.00195384
11-11-2022,1766,88.95999908,21.64599991,3992.929932,1.019222498
12-01-2022,1801.099976,81.22000122,22.63699913,4076.570068,1.042535424
12-02-2022,1795.900024,79.98000336,23.03800011,4071.699951,1.05284214
12-05-2022,1767.400024,76.93000031,22.1989994,3998.840088,1.054418564
12-06-2022,1769.300049,74.25,22.12299919,3941.26001,1.049692392
12-07-2022,1785.5,72.01000214,22.70999908,3933.919922,1.046901107
12-08-2022,1788.699951,71.45999908,23.06299973,3963.51001,1.051325798
12-09-2022,1798.099976,71.01999664,23.53499985,3934.379883,1.055966139
12-12-2022,1780.5,73.16999817,23.21999931,3990.560059,1.052221775
01-03-2023,1839.699951,76.93000031,24.05900002,3824.139893,1.067771435
01-04-2023,1852.800049,72.83999634,23.79199982,3852.969971,1.054685473
01-05-2023,1834.800049,73.66999817,23.25799942,3808.100098,1.06063652
01-06-2023,1864.199951,73.76999664,23.8220005,3895.080078,1.052221775
01-09-2023,1872.699951,74.62999725,23.71199989,3892.090088,1.065632343
01-10-2023,1871.599976,75.12000275,23.50699997,3919.25,1.073318362
01-11-2023,1874.599976,77.41000366,23.32699966,3969.610107,1.07389462
01-12-2023,1895.5,78.38999939,23.86300087,3983.169922,1.076600075
02-01-2023,1927.800049,76.41000366,23.52099991,4119.209961,1.086094737
02-02-2023,1916.300049,75.87999725,23.5340004,4179.759766,1.101285219
02-03-2023,1862.900024,73.38999939,22.33399963,4136.47998,1.090512514
02-06-2023,1866.199951,74.11000061,22.17700005,4111.080078,1.079086185
02-07-2023,1871.699951,77.13999939,22.11700058,4164,1.073076487
02-08-2023,1877.400024,78.47000122,22.36700058,4117.859863,1.072972894
02-09-2023,1866.199951,78.05999756,22.09700012,4081.5,1.071581602
02-10-2023,1862.800049,79.72000122,22.0340004,4090.459961,1.07422924
03-01-2023,1837.699951,77.69000244,20.95899963,3951.389893,1.057730913
03-02-2023,1833.5,78.16000366,20.76600075,3981.350098,1.066894293
03-03-2023,1847.699951,79.68000031,21.09300041,4045.639893,1.05997324
03-06-2023,1847.900024,80.45999908,20.98399925,4048.419922,1.062620163
03-07-2023,1813.900024,77.58000183,20.05400085,3986.370117,1.068832874
03-08-2023,1812.699951,76.66000366,20.00499916,3992.01001,1.05507493
03-09-2023,1829.300049,75.72000122,20.02499962,3918.320068,1.054952502
03-10-2023,1862,76.68000031,20.375,3861.590088,1.058469892
04-03-2023,1983.900024,80.41999817,23.94099998,4124.509766,1.080333591
04-04-2023,2022.199951,80.70999908,25.02199936,4100.600098,1.091226578
04-05-2023,2020.900024,80.61000061,24.96299934,4090.379883,1.096010566
04-06-2023,2011.900024,80.69999695,25.02499962,4105.02002,1.090334177
04-10-2023,1989.099976,79.73999786,24.84600067,4109.109863,1.091357589
04-11-2023,2004.800049,81.52999878,25.13100052,4108.939941,1.086932898
04-12-2023,2010.900024,83.26000214,25.40399933,4091.949951,1.091750741
05-01-2023,1983.400024,75.66000366,25.00900078,4167.870117,1.101091146
05-02-2023,2014.300049,71.66000366,25.40399933,4119.580078,1.096924186
05-03-2023,2028.599976,68.59999847,25.47599983,4090.75,1.101091146
05-04-2023,2048,68.55999756,26.03499985,4061.219971,1.106892586
05-05-2023,2017.400024,71.33999634,25.74300003,4136.25,1.102292776
05-08-2023,2026.300049,73.16000366,25.63599968,4138.120117,1.101867676
05-09-2023,2036.199951,73.70999908,25.69799995,4119.169922,1.099614024
05-10-2023,2030.5,72.55999756,25.46100044,4137.640137,1.096467137
05-11-2023,2014.699951,70.87000275,24.25499916,4130.620117,1.098406196
05-12-2023,2014.5,70.04000092,23.99200058,4124.080078,1.091214538
06-01-2023,1978,70.09999847,23.875,4221.02002,1.069518685
06-02-2023,1952.400024,71.73999786,23.64299965,4282.370117,1.076078773
06-05-2023,1958,72.15000153,23.5340004,4273.790039,1.069862008
06-06-2023,1965.5,71.73999786,23.5739994,4283.850098,1.071179867
06-07-2023,1942.699951,72.52999878,23.43899918,4267.52002,1.069804788
06-08-2023,1963.599976,71.29000092,24.26399994,4293.930176,1.070744038
06-09-2023,1962.199951,70.16999817,24.33399963,4298.859863,1.078271747
06-12-2023,1955.300049,67.12000275,23.98500061,4338.930176,1.075095415
07-03-2023,1921.699951,69.79000092,22.89599991,4455.589844,1.090750456
07-05-2023,1919.599976,71.79000092,23.1970005,4446.819824,1.088494658
07-06-2023,1908.699951,71.80000305,22.68600082,4411.589844,1.085658431
07-07-2023,1926.199951,73.86000061,23.09199905,4398.950195,1.089063644
07-10-2023,1925,72.98999786,23.15099907,4409.529785,1.096972346
07-11-2023,1931.300049,74.83000183,23.08600044,4439.259766,1.100594401
07-12-2023,1956.199951,75.75,24.11899948,4472.160156,1.101406455
08-01-2023,1940.699951,81.37000275,24.20800018,4576.72998,1.099759102
08-02-2023,1937.400024,79.48999786,23.75399971,4513.390137,1.100788116
08-03-2023,1932,81.55000305,23.58600044,4501.890137,1.094415188
08-04-2023,1939.599976,82.81999969,23.61700058,4478.029785,1.095158339
08-07-2023,1933.5,81.94000244,23.1420002,4518.439941,1.10026741
08-08-2023,1924.099976,82.91999817,22.71699905,4499.379883,1.100315809
08-09-2023,1915.400024,84.40000153,22.64999962,4467.709961,1.095890403
08-10-2023,1914.400024,82.81999969,22.74600029,4468.830078,1.097767115
08-11-2023,1912.900024,83.19000244,22.67399979,4464.049805,1.098164916
09-01-2023,1939.800049,85.55000305,24.23200035,4515.77002,1.084410429
09-05-2023,1926.199951,86.69000244,23.55800056,4496.830078,1.079447269
09-06-2023,1918.099976,87.54000092,23.20599937,4465.47998,1.0726161
09-07-2023,1917.5,86.87000275,22.95000076,4451.140137,1.072420478
09-08-2023,1918.400024,87.51000214,22.8920002,4457.490234,1.069781899
09-11-2023,1923.300049,87.29000092,23.10300064,4487.459961,1.071811318
09-12-2023,1911.300049,88.83999634,23.12700081,4461.899902,1.075037599
10-02-2023,1830,88.81999969,21.21800041,4288.390137,1.056524038
10-03-2023,1824.599976,89.23000336,21.1779995,4229.450195,1.048075199
10-04-2023,1818.5,84.22000122,20.95599937,4263.75,1.047230005
10-05-2023,1816.599976,82.30999756,20.84799957,4258.189941,1.050707102
10-06-2023,1830.199951,82.79000092,21.54000092,4308.5,1.054663181
10-09-2023,1849.5,86.37999725,21.74099922,4335.660156,1.056747317
10-10-2023,1861,85.97000122,21.77599907,4358.240234,1.057887554
10-11-2023,1872.800049,83.48999786,21.95700073,4376.950195,1.060479164
10-12-2023,1869.300049,82.91000366,21.79199982,4349.609863,1.062428236
11-01-2023,1978.800049,80.44000244,22.68499947,4237.859863,1.057909966
11-02-2023,1985.599976,82.45999908,22.75099945,4317.779785,1.058705211
11-03-2023,1991.5,80.51000214,23.20100021,4358.339844,1.061909318
11-06-2023,1981.599976,80.81999969,23.14900017,4365.97998,1.073214769
11-07-2023,1966.800049,77.37000275,22.50799942,4378.379883,1.072156072
11-08-2023,1951.5,75.33000183,22.64699936,4382.779785,1.069610238
11-09-2023,1964.199951,75.73999786,22.83099937,4347.350098,1.071042299
11-10-2023,1932.599976,77.16999817,22.21500015,4415.240234,1.066757679
12-01-2023,2071,74.06999969,25.49900055,4594.629883,1.08920598
12-04-2023,2024.099976,73.04000092,24.55500031,4569.779785,1.088814616
12-05-2023,2018.5,72.31999969,24.20100021,4567.180176,1.083775878
12-06-2023,2030.5,69.37999725,23.88899994,4549.339844,1.07936573
12-07-2023,2029.900024,69.33999634,23.73200035,4585.589844,1.076669693
12-08-2023,1998.300049,71.23000336,22.97100067,4604.370117,1.079214334
12-11-2023,1978,71.31999969,22.77300072,4622.439941,1.076576948
12-12-2023,1977.800049,68.61000061,22.72800064,4643.700195,1.07665801
01-02-2024,2064.399902,70.37999725,23.7329998,4742.830078,1.103874564
01-03-2024,2034.199951,72.69999695,22.94599915,4704.810059,1.094175696
01-04-2024,2042.300049,72.19000244,22.98900032,4688.680176,1.092776775
01-05-2024,2042.400024,73.80999756,23.12199974,4697.240234,1.094738722
01-08-2024,2026.599976,70.76999664,23.12000084,4763.540039,1.094223619
01-09-2024,2026.400024,72.23999786,22.90399933,4756.5,1.095170259
01-10-2024,2021.699951,71.37000275,22.88400078,4783.450195,1.093242645
01-11-2024,2014.300049,72.01999664,22.53700066,4780.240234,1.097514153
01-12-2024,2046.699951,72.68000031,23.16200066,4783.830078,1.098164916
02-01-2024,2053,73.81999969,23.12999916,4906.189941,1.080392003
02-02-2024,2036.099976,72.27999878,22.70100021,4958.609863,1.087464809
02-05-2024,2025.699951,72.77999878,22.33499908,4942.810059,1.07800436
02-06-2024,2034.5,73.30999756,22.39299965,4954.22998,1.074183106
02-07-2024,2035.199951,73.86000061,22.27799988,4995.060059,1.075719953
02-08-2024,2032.199951,76.22000122,22.56500053,4997.910156,1.077574611
02-09-2024,2023.300049,76.83999634,22.52799988,5026.609863,1.07772553
02-12-2024,2018.199951,76.91999817,22.70899963,5021.839844,1.079820275
03-01-2024,2086.899902,79.97000122,23.14999962,5137.080078,1.080497026
03-04-2024,2117.699951,78.73999786,23.77899933,5130.950195,1.084269404
03-05-2024,2133.5,78.15000153,23.76300049,5078.649902,1.085517049
03-06-2024,2150.300049,79.12999725,24.27199936,5104.759766,1.085599542
03-07-2024,2158,78.93000031,24.37000084,5157.359863,1.089953899
03-08-2024,2178.600098,78.01000214,24.3390007,5123.689941,1.095014453
03-11-2024,2182.5,77.93000031,24.51199913,5117.939941,1.094295502
03-12-2024,2160.399902,77.55999756,24.19400024,5175.27002,1.093135118
04-01-2024,2236.5,83.70999908,24.95400047,5243.77002,1.079272628
04-02-2024,2261,85.15000153,25.80400085,5205.810059,1.073721766
04-03-2024,2294.399902,85.43000031,26.94499969,5211.490234,1.076855183
04-04-2024,2288.800049,86.58999634,27.13999939,5147.209961,1.083834648
04-05-2024,2325.699951,86.91000366,27.39999962,5204.339844,1.083705425
04-08-2024,2331.699951,86.43000031,27.71199989,5202.390137,1.083048105
04-09-2024,2343.5,85.23000336,27.89100075,5209.910156,1.086366177
04-10-2024,2329.600098,86.20999908,27.96100044,5160.640137,1.085929632
04-11-2024,2354.800049,85.01999664,28.1760006,5199.060059,1.074171543
04-12-2024,2356.199951,85.66000366,28.25499916,5123.410156,1.072685122
05-01-2024,2299.899902,79,26.48900032,5018.390137,1.066655278
05-02-2024,2299.199951,78.94999695,26.58300018,5064.200195,1.072156072
05-03-2024,2299,78.11000061,26.44499969,5127.790039,1.073306918
05-06-2024,2321.600098,78.48000336,27.36899948,5180.740234,1.075812459
05-07-2024,2315.199951,78.37999725,27.3029995,5187.700195,1.076750755
05-08-2024,2313.600098,78.98999786,27.36100006,5187.669922,1.075049162
05-09-2024,2332.100098,79.26000214,28.13199997,5214.080078,1.074691057
05-10-2024,2367.300049,78.26000214,28.27499962,5222.680176,1.078515887
06-03-2024,2346.600098,74.22000122,30.64100075,5283.399902,1.085304976
06-04-2024,2325.5,73.25,29.48800087,5291.339844,1.090738535
06-05-2024,2354.100098,74.06999969,29.94799995,5354.029785,1.088186622
06-06-2024,2370.300049,75.55000305,31.24699974,5352.959961,1.087453008
06-07-2024,2305.199951,75.52999878,29.33499908,5346.990234,1.089443207
06-10-2024,2307.699951,77.73999786,29.7689991,5360.790039,1.07788825
06-11-2024,2307.5,77.90000153,29.13299942,5375.319824,1.076426268
06-12-2024,2336,78.5,30.1760006,5421.029785,1.074033022
07-01-2024,2327.600098,83.37999725,29.29999924,5475.089844,1.073525786
07-02-2024,2323,82.80999756,29.35300064,5509.009766,1.073710203
07-03-2024,2359.800049,83.87999725,30.54800034,5537.02002,1.074841261
07-05-2024,2388.5,83.16000366,31.38800049,5567.189941,1.08106935
07-08-2024,2355.199951,82.33000183,30.61800003,5572.850098,1.08260262
07-09-2024,2360.100098,81.41000366,30.77199936,5576.97998,1.083095074
07-10-2024,2372.199951,82.09999847,30.72699928,5633.910156,1.081478596
07-11-2024,2415,82.62000275,31.3939991,5584.540039,1.083329678
07-12-2024,2414,82.20999908,30.88599968,5615.350098,1.087275624
08-01-2024,2435,76.30999756,28.33099937,5446.680176,1.08239162
08-02-2024,2425.699951,73.51999664,28.24600029,5346.560059,1.078760266
08-05-2024,2401.699951,72.94000244,27.07600021,5186.330078,1.091083646
08-06-2024,2389.100098,73.19999695,27.09600067,5240.029785,1.095098257
08-07-2024,2390.5,75.23000336,26.82999992,5199.5,1.092621565
08-08-2024,2422.199951,76.19000244,27.5,5319.310059,1.092812538
08-09-2024,2432.100098,76.83999634,27.48699951,5344.160156,1.091572046
08-12-2024,2462.399902,80.05999756,27.91699982,5344.390137,1.091381311
09-03-2024,2489.899902,70.33999634,27.95100021,5528.930176,1.106745601
09-04-2024,2493.399902,69.19999695,28.16699982,5520.069824,1.104886889
09-05-2024,2511.399902,69.15000153,28.71999931,5503.410156,1.108045459
09-06-2024,2493.5,67.66999817,27.80800056,5408.419922,1.111111164
09-09-2024,2501.800049,68.70999908,28.29100037,5471.049805,1.108721256
09-10-2024,2512.300049,65.75,28.25699997,5495.52002,1.103752732
09-11-2024,2512.100098,67.30999756,28.56299973,5554.129883,1.102098346
09-12-2024,2551.199951,68.97000122,29.74300003,5595.759766,1.101091146
10-01-2024,2667.300049,69.83000183,31.44499969,5708.75,1.113660216
10-02-2024,2647.100098,70.09999847,31.62800026,5709.540039,1.106390476
10-03-2024,2657.100098,73.70999908,32.18899918,5699.939941,1.104850292
10-04-2024,2645.800049,74.37999725,32.12799835,5751.069824,1.103557825
10-07-2024,2644.800049,77.13999939,31.74500084,5695.939941,1.097453952
10-08-2024,2615,73.56999969,30.35499954,5751.129883,1.097574353
10-09-2024,2606,73.23999786,30.42499924,5792.040039,1.097574353
10-10-2024,2620.600098,75.84999847,31.00499916,5780.049805,1.094331384
10-11-2024,2657.600098,75.55999756,31.52000046,5815.029785,1.093386054
11-01-2024,2738.600098,69.48999786,32.54199982,5728.799805,1.088613033
11-04-2024,2736.100098,71.47000122,32.47999954,5712.689941,1.087453008
11-05-2024,2740.300049,71.98999786,32.65499878,5782.759766,1.087405682
11-06-2024,2667.600098,71.69000244,31.22100067,5929.040039,1.093445897
11-07-2024,2698.399902,72.36000061,31.76499939,5973.100098,1.073306918
11-08-2024,2687.5,70.37999725,31.35899925,5995.540039,1.079517245
11-11-2024,2611.199951,68.04000092,30.54000092,6001.350098,1.071489811
11-12-2024,2600,68.12000275,30.68600082,5983.990234,1.066439152
12-02-2024,2634.899902,68.09999847,30.4489994,6047.149902,1.054507494
12-03-2024,2644.699951,69.94000244,31.07699966,6049.879883,1.05012238
12-04-2024,2653.800049,68.54000092,31.50499916,6086.490234,1.051082611
12-05-2024,2626.600098,68.30000305,31.13400078,6075.109863,1.051414132
12-06-2024,2638.600098,67.19999695,31.18600082,6090.27002,1.058559537
12-09-2024,2664.899902,68.37000275,32.2159996,6052.850098,1.05654633
12-10-2024,2697.600098,68.58999634,32.36299896,6034.910156,1.055520415
12-11-2024,2733.800049,70.29000092,32.56200027,6084.189941,1.053296804
12-12-2024,2687.5,70.01999664,31.22800064,6051.25,1.050685048
01-02-2025,2658.899902,73.12999725,29.62199974,5868.549805,1.035186052
01-03-2025,2645,73.95999908,29.80599976,5942.470215,1.02682054
01-06-2025,2638.399902,73.55999756,30.34199905,5975.379883,1.030534744
01-07-2025,2656.699951,74.25,30.4470005,5909.029785,1.03863728
01-08-2025,2664.5,73.31999969,30.45199966,5918.25,1.034554124
01-10-2025,2708.5,76.56999969,31.0909996,5827.040039,1.029760122
02-03-2025,2833.899902,73.16000366,32.39199829,5994.569824,1.024779201
02-04-2025,2853.300049,72.69999695,32.88800049,6037.879883,1.032737851
02-05-2025,2871.600098,71.02999878,32.85699844,6061.47998,1.037279844
02-06-2025,2856,70.61000061,32.51800156,6083.569824,1.040084839
02-07-2025,2867.300049,71,32.33499908,6025.990234,1.03857255
02-10-2025,2914.300049,72.31999969,32.39199829,6066.439941,1.031161666
02-11-2025,2912.5,73.31999969,32.23099899,6068.5,1.030152559
02-12-2025,2909,71.37000275,32.69499969,6051.970215,1.03649497
03-03-2025,2890.199951,68.37000275,32.0320015,5849.720215,1.041384697
03-04-2025,2909.600098,68.26000214,32.10800171,5778.149902,1.048503757
03-05-2025,2915.300049,66.30999756,32.85800171,5842.629883,1.062699318
03-06-2025,2916.600098,66.36000061,33.06299973,5738.52002,1.07949388
03-07-2025,2904.699951,67.04000092,32.54800034,5770.200195,1.078795195
03-10-2025,2891,66.02999878,32.27500153,5614.560059,1.086059332
03-11-2025,2912.899902,66.25,32.88800049,5572.069824,1.083940387
03-12-2025,2939.100098,67.68000031,33.48400116,5599.299805,1.091417074
04-01-2025,3118.899902,71.19999695,34.15800095,5633.069824,1.08188808
04-02-2025,3139.899902,71.70999908,34.49900055,5670.970215,1.079598784
04-03-2025,3097,66.94999695,31.84399986,5396.52002,1.090869427
04-04-2025,3012,61.99000168,29.11599922,5074.080078,1.104374409
04-07-2025,2951.300049,60.70000076,29.51000023,5062.25,1.098454475
04-08-2025,2968.399902,59.58000183,29.59199905,4982.77002,1.091536164
04-09-2025,3056.5,62.34999847,30.32299995,5456.899902,1.098044395
04-10-2025,3155.199951,60.06999969,30.67099953,5268.049805,1.095206261
04-11-2025,3222.199951,61.5,31.8239994,5363.359863,1.125783801
05-01-2025,3210,59.24000168,32.18899918,5604.140137,1.13248992
05-02-2025,3231.899902,58.29000092,31.98900032,5686.669922,1.129649878
05-05-2025,3311.300049,57.13000107,32.20500183,5650.379883,1.132323265
05-06-2025,3411.399902,59.09000015,33.11299896,5606.910156,1.131336927
05-07-2025,3381.399902,58.06999969,32.53099823,5631.279785,1.134275556
05-08-2025,3296.600098,59.90999985,32.37799835,5663.939941,1.130620599
05-09-2025,3335.399902,61.02000046,32.67599869,5659.910156,1.122422695
05-12-2025,3220,61.95000076,32.38800049,5844.189941,1.122964621
06-02-2025,3370.600098,62.52000046,34.56299973,5935.939941,1.135331511
06-03-2025,3350.199951,63.40999985,34.50299835,5970.370117,1.145344257
06-04-2025,3373.5,62.84999847,34.51900101,5970.810059,1.13844645
06-05-2025,3350.699951,63.36999893,35.68899918,5939.299805,1.142204404
06-06-2025,3322.699951,64.58000183,36.02500153,6000.359863,1.145383477
06-09-2025,3332.100098,65.29000092,36.68799973,6005.879883,1.140784144
06-10-2025,3320.899902,64.98000336,36.54199982,6038.810059,1.142804861
06-11-2025,3321.300049,68.15000153,36.16600037,6022.240234,1.143746018
06-12-2025,3380.899902,68.04000092,36.21300125,6045.259766,1.150933385
07-01-2025,3336.699951,65.44999695,36.08200073,6198.009766,1.178717017
07-02-2025,3348,67.44999695,36.42599869,6227.419922,1.180553913
07-03-2025,3331.600098,67,36.7840004,6279.350098,1.180024505
07-07-2025,3332.199951,67.93000031,36.61500168,6229.97998,1.178078294
07-08-2025,3307,68.33000183,36.47200012,6225.52002,1.173653841
07-09-2025,3311.600098,68.37999725,36.35100174,6263.259766,1.172456622
07-10-2025,3317.399902,66.56999969,37.0379982,6280.459961,1.173116922
07-11-2025,3356,68.44999695,38.67599869,6259.75,1.170274973
08-01-2025,3347.699951,67.33000183,36.78699875,6238.009766,1.142374039
08-04-2025,3374.399902,66.29000092,37.19200134,6329.939941,1.158668041
08-05-2025,3381.899902,65.16000366,37.68700027,6299.189941,1.158412933
08-06-2025,3380,64.34999847,37.76599884,6345.060059,1.157916665
08-07-2025,3400.300049,63.88000107,38.15800095,6340,1.166316748
08-08-2025,3439.100098,63.88000107,38.41699982,6389.450195,1.167665005
08-11-2025,3353.100098,63.95999908,37.66199875,6373.450195,1.16479528
08-12-2025,3348.899902,63.16999817,37.89899826,6445.759766,1.161844969
09-02-2025,3549.399902,65.58999634,41.07099915,6415.540039,1.171591282
09-03-2025,3593.199951,63.97000122,41.54199982,6448.259766,1.163602591
09-04-2025,3565.800049,63.47999954,40.9109993,6502.080078,1.166044831
09-05-2025,3613.199951,61.86999893,41.07400131,6481.5,1.165691376
09-08-2025,3638.100098,62.25999832,41.42599869,6495.149902,1.171316862
09-09-2025,3643.300049,62.63000107,40.87799835,6512.609863,1.176913619
09-10-2025,3643.600098,63.66999817,41.13299942,6532.040039,1.170274973
09-11-2025,3636.899902,62.36999893,41.6969986,6587.470215,1.170343518
09-12-2025,3649.399902,62.68999863,42.38700104,6584.290039,1.173474789
10-01-2025,3867.5,61.77999878,47.29000092,6711.200195,1.173584938
10-02-2025,3839.699951,60.47999954,46,6715.350098,1.173405886
10-03-2025,3880.800049,60.88000107,47.59700012,6715.790039,1.172511697
10-06-2025,3948.5,61.68999863,48.08200073,6740.279785,1.171248198
10-07-2025,3976.600098,61.72999954,47.17900085,6714.589844,1.171028733
10-08-2025,4043.300049,62.54999924,48.65599823,6753.720215,1.165460348
10-09-2025,3946.300049,61.50999832,46.84999847,6735.109863,1.163196445
10-10-2025,3975.899902,58.90000153,46.93799973,6552.509766,1.156644344
11-03-2025,4000.300049,61.04999924,47.88800049,6851.970215,1.152804255
11-04-2025,3947.699951,60.56000137,47.13000107,6771.549805,1.151914477
11-05-2025,3980.300049,59.59999847,47.86299896,6796.290039,1.148553967
11-06-2025,3979.899902,59.43000031,47.79399872,6720.319824,1.149676442
11-07-2025,3999.399902,59.75,48.01699829,6728.799805,1.154921174
11-10-2025,4111.799805,60.13000107,50.17699814,6832.430176,1.154387832
11-11-2025,4106.799805,61.04000092,50.61800003,6846.609863,1.155722022
11-12-2025,4204.399902,58.49000168,53.33200073,6850.919922,1.158748627
12-01-2025,4239.299805,59.31999969,58.41799927,6812.629883,1.160146594
12-02-2025,4186.600098,58.63999939,57.98300171,6829.370117,1.160766125
12-03-2025,4199.299805,58.95000076,57.92100143,6849.720215,1.162790656
12-04-2025,4211.799805,59.66999817,56.84700012,6857.120117,1.166684151
12-05-2025,4212.899902,60.08000183,58.42200089,6870.399902,1.164279938
12-08-2025,4187.200195,58.88000107,57.77899933,6846.509766,1.164022446
12-09-2025,4206.700195,58.25,60.16899872,6840.509766,1.164144278
12-10-2025,4196.399902,58.45999908,60.37900162,6886.680176,1.162831306
12-11-2025,4285.5,57.59999847,63.92900085,6901,1.170124292
12-12-2025,4300.100098,57.43999863,61.36199951,6827.410156,1.173943162
01-02-2026,4314.399902,57.31999969,70.55599976,6858.470215,1.175046682
01-05-2026,4436.899902,58.31999969,76.16400146,6902.049805,1.170466781
01-06-2026,4482.200195,57.13000107,80.52999878,6944.819824,1.171495199
01-07-2026,4449.299805,55.99000168,77.13500214,6920.930176,1.16882515
01-08-2026,4449.700195,57.75999832,74.71600342,6921.459961,1.167678595
01-09-2026,4490.299805,59.11999893,78.88400269,6966.279785,1.165786505
01-12-2026,4604.299805,59.5,84.61000061,6977.27002,1.162371635
02-02-2026,4622.5,62.13999939,76.77799988,6976.439941,1.184918284
02-03-2026,4903.700195,63.20999908,83.04199982,6917.810059,1.17987144
02-04-2026,4920.399902,65.13999939,84.16500092,6882.720215,1.181614041
02-05-2026,4861.399902,63.29000092,76.52899933,6798.399902,1.18016386
02-06-2026,4951.200195,63.54999924,76.73500061,6932.299805,1.177786946
02-09-2026,5050.899902,64.36000061,82.06500244,6964.819824,1.182578206
02-10-2026,5003.799805,63.95999908,80.21800232,6941.810059,1.190405369
02-11-2026,5071.600098,64.62999725,83.7539978,6941.470215,1.188961744
02-12-2026,4923.700195,62.84000015,75.54599762,6832.759766,1.187606215
03-02-2026,5294.399902,71.23000336,88.28399658,6881.620117,1.175944924
03-03-2026,5107.399902,74.55999756,82.92299652,6816.629883,1.169727445
03-04-2026,5120.200195,74.66000366,82.63300323,6869.5,1.161224365
03-05-2026,5065.299805,81.01000214,81.68699646,6830.709961,1.163561821
03-06-2026,5146.100098,90.90000153,83.81600189,6740.02002,1.160806537
03-09-2026,5091.5,94.76999664,84.03199768,6795.990234,1.152325988
03-10-2026,5229.700195,83.44999695,89.08300018,6781.47998,1.161723495
03-11-2026,5167.399902,87.25,85.06500244,6775.799805,1.161129951
03-12-2026,5115.799805,95.73000336,84.66999817,6672.620117,1.154321194
04-01-2026,4783.200195,100.1200027,75.86699677,6575.319824,1.157420754
04-02-2026,4651.5,111.5400009,72.73500061,6582.689941,1.159057379
04-06-2026,4656.799805,112.4100037,72.66100311,6611.830078,1.150999665
04-07-2026,4657.100098,112.9499969,71.8259964,6616.850098,1.15412128
04-08-2026,4749.5,94.41000366,75.22399902,6782.810059,1.168661237
04-09-2026,4792.200195,97.87000275,76.27700043,6824.660156,1.165935993
04-10-2026,4761.899902,96.56999969,76.3239975,6816.890137,1.169125676
05-01-2026,4629.899902,101.9400024,75.9509964,7230.120117,1.172910452
